Site,Date,Month,Year,Samplers,Did_Trap_Fish_Properly,Timer_Start,Timer_End,Nights_Fished,Hours_Fished,Weather,Processing,Subsample,Metacarcinus_magister_megalopae,Metacarcinus_magister_instar,Total_M_magister
COR,4/9/22,Apr,2022,Claire Cook,Y,20:00:00,6:30:00,2,21,S,Fresh,N,0,0,0
COR,4/11/22,Apr,2022,Sarah Grossman,Y,20:00:00,6:30:00,2,21,PC,Fresh,N,0,0,0
COR,4/13/22,Apr,2022,Claire Cook,Y,20:00:00,6:30:00,2,21,O,Fresh,N,0,0,0
COR,4/14/22,Apr,2022,Lindy Hunter,Y,20:00:00,6:30:00,1,10.5,PC,Fresh,N,0,0,0
COR,4/16/22,Apr,2022,Volunteer,Y,20:00:00,6:30:00,2,21,NA,Frozen,N,0,0,0
COR,4/18/22,Apr,2022,Sarah Grossman,Y,20:00:00,6:00:00,2,20,O,Fresh,N,1,0,1
COR,4/20/22,Apr,2022,Claire Cook,Y,20:00:00,6:00:00,2,20,O,Fresh,N,0,0,0
COR,4/21/22,Apr,2022,Sarah Grossman,Y,20:00:00,6:00:00,1,10,O,Fresh,N,0,0,0
COR,4/23/22,Apr,2022,Volunteer,Y,20:00:00,6:00:00,2,20,NA,Frozen,N,0,0,0
COR,4/25/22,Apr,2022,Sarah Grossman,Y,20:30:00,6:00:00,2,19,PC,Fresh,N,0,0,0
COR,4/27/22,Apr,2022,Lindy Hunter,Y,20:30:00,6:00:00,2,19,O,Fresh,N,0,0,0
COR,4/28/22,Apr,2022,Lindy Hunter,Y,20:30:00,6:00:00,1,9.5,O,Fresh,N,0,0,0
COR,4/30/22,Apr,2022,Volunteer,Y,20:30:00,6:00:00,2,19,NA,Frozen,N,0,0,0
COR,5/2/22,May,2022,Sarah Grossman,Y,20:30:00,6:00:00,2,19,O,Fresh,N,1,0,1
COR,5/3/22,May,2022,Claire Cook,Y,20:30:00,6:00:00,1,9.5,O,Fresh,N,0,0,0
COR,5/5/22,May,2022,Lindy Hunter,Y,20:30:00,6:00:00,2,19,R,Fresh,N,0,0,0
COR,5/7/22,May,2022,Volunteer,Y,20:30:00,6:00:00,2,19,NA,Frozen,N,0,0,0
COR,5/9/22,May,2022,Sarah Grossman,Y,20:30:00,5:30:00,2,18,O,Fresh,N,220,0,220
COR,5/11/22,May,2022,Claire Cook,Y,20:30:00,5:30:00,2,18,PC,Fresh,Y,1712,6,1718
COR,5/12/22,May,2022,Lindy Hunter,Y,20:30:00,5:30:00,1,9,R,Fresh,N,363,10,373
COR,5/14/22,May,2022,Volunteer,Y,20:30:00,5:30:00,2,18,NA,Frozen,N,557,96,653
COR,5/16/22,May,2022,Sarah Grossman,Y,21:00:00,5:30:00,2,17,O,Fresh,N,70,8,78
COR,5/17/22,May,2022,Sarah Grossman,Y,21:00:00,5:30:00,1,8.5,PC,Fresh,N,130,0,130
COR,5/19/22,May,2022,Sarah Grossman,Y,21:00:00,5:30:00,2,17,PC,Fresh,N,43,2,45
COR,5/21/22,May,2022,Volunteer,Y,21:00:00,5:30:00,2,17,NA,Frozen,N,38,0,38
COR,5/23/22,May,2022,Claire Cook,Y,21:00:00,5:30:00,2,17,R,Fresh,N,334,1,335
COR,5/25/22,May,2022,Claire Cook,Y,21:00:00,5:30:00,2,17,S,Fresh,Y,2493,13,2506
COR,5/26/22,May,2022,Lindy Hunter,Y,21:00:00,5:30:00,1,8.5,O,Fresh,Y,1080,0,1080
COR,5/28/22,May,2022,Volunteer,Y,21:00:00,5:30:00,2,17,NA,Frozen,N,616,7,623
COR,5/30/22,May,2022,Claire Cook,N,21:00:00,5:00:00,0,0,NA,Fresh,N,NA,NA,NA
COR,6/1/22,Jun,2022,Claire Cook,Y,21:00:00,5:00:00,2,16,O,Fresh,N,60,1,61
COR,6/2/22,Jun,2022,Claire Cook,Y,21:00:00,5:00:00,1,8,O,Fresh,N,21,0,21
COR,6/4/22,Jun,2022,Volunteer,Y,21:00:00,5:00:00,2,16,NA,Frozen,N,13,0,13
COR,6/6/22,Jun,2022,Claire Cook,N,21:00:00,5:00:00,0,0,NA,Fresh,N,NA,NA,NA
COR,6/8/22,Jun,2022,Sarah Grossman,Y,21:00:00,5:00:00,2,16,S,Fresh,N,4,0,4
COR,6/9/22,Jun,2022,Lindy Hunter,Y,21:00:00,5:00:00,1,8,R,Fresh,N,6,0,6
COR,6/11/22,Jun,2022,Volunteer,Y,21:00:00,5:00:00,2,16,NA,Frozen,N,14,0,14
COR,6/13/22,Jun,2022,Sarah Grossman,Y,21:00:00,5:00:00,2,16,PC,Fresh,N,52,3,55
COR,6/14/22,Jun,2022,Sarah Grossman,Y,21:00:00,5:00:00,1,8,O,Fresh,N,65,0,65
COR,6/16/22,Jun,2022,Sarah Grossman,Y,21:00:00,5:00:00,2,16,PC,Fresh,N,279,0,279
COR,6/18/22,Jun,2022,Volunteer,Y,21:00:00,5:00:00,2,16,NA,Frozen,N,37,0,37
COR,6/20/22,Jun,2022,Claire Cook,Y,21:00:00,5:00:00,2,16,PC,Fresh,N,239,0,239
COR,6/22/22,Jun,2022,Sarah Grossman,Y,21:00:00,5:00:00,2,16,S,Fresh,Y,2043,0,2043
COR,6/23/22,Jun,2022,Lindy Hunter,Y,21:00:00,5:00:00,1,8,S,Fresh,Y,2421,0,2421
COR,6/25/22,Jun,2022,Volunteer,Y,21:00:00,5:00:00,2,16,NA,Frozen,Y,1578,2,1580
COR,6/27/22,Jun,2022,Sarah Grossman,Y,21:00:00,5:30:00,2,17,NA,Fresh,N,930,7,937
COR,6/29/22,Jun,2022,Claire Cook,Y,21:00:00,5:30:00,2,17,O,Fresh,Y,1617,0,1617
COR,6/30/22,Jun,2022,Lindy Hunter,Y,21:00:00,5:30:00,1,8.5,S,Fresh,N,920,0,920
COR,7/2/22,Jul,2022,Volunteer,Y,21:00:00,5:30:00,2,17,NA,Frozen,Y,10850,0,10850
COR,7/4/22,Jul,2022,Claire Cook,Y,21:00:00,5:30:00,2,17,O,Fresh,Y,12032,0,12032
COR,7/6/22,Jul,2022,Sarah Grossman,Y,21:00:00,5:30:00,2,17,PC,Fresh,Y,11124,0,11124
COR,7/7/22,Jul,2022,Lindy Hunter,Y,21:00:00,5:30:00,1,8.5,S,Fresh,Y,2560,0,2560
COR,7/9/22,Jul,2022,Volunteer,Y,21:00:00,5:30:00,2,17,NA,Frozen,Y,6852,0,6852
COR,7/11/22,Jul,2022,Sarah Grossman,Y,21:00:00,5:30:00,2,17,S,Fresh,Y,7836,23,7859
COR,7/13/22,Jul,2022,Claire Cook,Y,21:00:00,5:30:00,2,17,S,Fresh,Y,11914,6,11920
COR,7/14/22,Jul,2022,Sarah Grossman,Y,21:00:00,5:30:00,1,8.5,S,Fresh,Y,9493,4,9497
COR,7/15/22,Jul,2022,Volunteer,Y,21:00:00,5:30:00,1,8.5,S,Frozen,Y,5078,0,5078
COR,7/18/22,Jul,2022,Sarah Grossman,Y,21:00:00,5:30:00,2,17,O,Fresh,Y,8853,5,8858
COR,7/20/22,Jul,2022,Sarah Grossman,Y,21:00:00,5:30:00,2,17,S,Fresh,Y,5772,0,5772
COR,7/21/22,Jul,2022,Lindy Hunter,Y,21:00:00,5:30:00,1,8.5,S,Fresh,N,776,0,776
COR,7/23/22,Jul,2022,Volunteer,N,21:00:00,5:30:00,0,0,NA,Frozen,N,NA,NA,NA
COR,7/25/22,Jul,2022,Claire Cook,Y,21:00:00,5:30:00,2,17,S,Fresh,N,290,5,295
COR,7/27/22,Jul,2022,Claire Cook,Y,21:00:00,5:30:00,2,17,S,Fresh,N,68,1,69
COR,7/28/22,Jul,2022,Lindy Hunter,Y,21:00:00,5:30:00,1,8.5,S,Fresh,N,147,3,150
COR,7/30/22,Jul,2022,Volunteer,Y,21:00:00,5:30:00,2,17,S,Frozen,N,16,0,16
COR,8/1/22,Aug,2022,Sarah Grossman,Y,20:30:00,6:00:00,2,19,S,Fresh,N,68,0,68
COR,8/2/22,Aug,2022,Sarah Grossman,Y,20:30:00,6:00:00,1,9.5,O,Fresh,N,44,0,44
COR,8/4/22,Aug,2022,Lindy Hunter,Y,20:30:00,6:00:00,2,19,O,Fresh,N,53,4,57
COR,8/6/22,Aug,2022,Volunteer,Y,20:30:00,6:00:00,2,19,S,Frozen,N,1,0,1
COR,8/8/22,Aug,2022,Sarah Grossman,Y,20:30:00,6:00:00,2,19,S,Fresh,N,28,0,28
COR,8/10/22,Aug,2022,Claire Cook,Y,20:30:00,6:00:00,2,19,PC,Fresh,N,30,6,36
COR,8/11/22,Aug,2022,Lindy Hunter,Y,20:30:00,6:00:00,1,9.5,S,Fresh,N,26,5,31
COR,8/13/22,Aug,2022,Volunteer,Y,20:30:00,6:00:00,2,19,PC,Frozen,N,9,0,9
COR,8/15/22,Aug,2022,Claire Cook,Y,20:00:00,6:00:00,2,20,S,Fresh,N,29,8,37
COR,8/16/22,Aug,2022,Lindy Hunter,Y,20:00:00,6:00:00,1,10,S,Fresh,N,6,2,8
COR,8/18/22,Aug,2022,Claire Cook,Y,20:00:00,6:00:00,2,20,O,Fresh,N,23,0,23
COR,8/20/22,Aug,2022,Volunteer,Y,20:00:00,6:00:00,2,20,NA,Frozen,N,15,0,15
COR,8/22/22,Aug,2022,Sarah Grossman,Y,20:00:00,6:30:00,2,21,S,Fresh,N,25,0,25
COR,8/24/22,Aug,2022,Claire Cook,Y,20:00:00,6:30:00,2,21,S,Fresh,N,72,1,73
COR,8/25/22,Aug,2022,Lindy Hunter,Y,20:00:00,6:30:00,1,10.5,S,Fresh,N,11,0,11
COR,8/27/22,Aug,2022,Volunteer,Y,20:00:00,6:30:00,2,21,PC,Frozen,N,7,0,7
COR,8/29/22,Aug,2022,Sarah Grossman,Y,20:00:00,6:30:00,2,21,S,Fresh,N,3,3,6
COR,8/31/22,Aug,2022,Sarah Grossman,Y,20:00:00,6:30:00,2,21,S,Fresh,N,1,0,1
COR,9/1/22,Sep,2022,Sarah Grossman,Y,20:00:00,6:30:00,1,10.5,O,Fresh,N,0,1,1
COR,9/3/22,Sep,2022,Volunteer,Y,20:00:00,6:30:00,2,21,O,Frozen,N,1,0,1
COR,9/5/22,Sep,2022,Sarah Grossman,Y,19:30:00,6:30:00,2,22,S,Fresh,N,0,0,0
COR,9/7/22,Sep,2022,Sarah Grossman,Y,19:30:00,6:30:00,2,22,S,Fresh,N,1,0,1
COR,9/8/22,Sep,2022,Lindy Hunter,Y,19:30:00,6:30:00,1,11,S,Fresh,N,3,0,3
COR,9/10/22,Sep,2022,Volunteer,Y,19:30:00,6:30:00,2,22,S,Frozen,N,0,0,0
COR,9/12/22,Sep,2022,Sarah Grossman,Y,19:30:00,7:00:00,2,23,PC,Fresh,N,0,0,0
COR,9/13/22,Sep,2022,Claire Cook,Y,19:30:00,7:00:00,1,11.5,O,Fresh,N,0,0,0
COR,9/14/22,Sep,2022,Sarah Grossman,Y,19:30:00,7:00:00,1,11.5,O,Fresh,N,0,0,0
COR,9/15/22,Sep,2022,Lindy Hunter,Y,19:30:00,7:00:00,1,11.5,O,Fresh,N,0,0,0
COR,9/17/22,Sep,2022,Volunteer,Y,19:30:00,7:00:00,2,23,S,Frozen,N,0,0,0
COR,9/19/22,Sep,2022,Sarah Grossman,Y,19:30:00,7:00:00,2,23,S,Fresh,N,1,0,1
COR,9/21/22,Sep,2022,Claire Cook,Y,19:30:00,7:00:00,2,23,S,Fresh,N,0,0,0
COR,9/22/22,Sep,2022,Lindy Hunter,Y,19:00:00,7:00:00,1,12,O,Fresh,N,0,0,0
COR,9/24/22,Sep,2022,Volunteer,N,19:00:00,7:00:00,0,0,NA,Frozen,N,NA,NA,NA
COR,9/26/22,Sep,2022,Sarah Grossman,Y,19:00:00,7:00:00,2,24,PC,Fresh,N,0,0,0
COR,9/28/22,Sep,2022,Claire Cook,Y,19:00:00,7:00:00,2,24,S,Fresh,N,0,0,0
FHL,5/18/22,May,2022,Sarah Grossman,Y,20:30:00,5:30:00,1,9,O,Fresh,N,8,0,8
FHL,5/25/22,May,2022,Sarah Grossman,Y,21:00:00,5:30:00,2,17,O,Fresh,N,373,0,373
FHL,6/8/22,Jun,2022,Sarah Grossman,Y,21:00:00,5:00:00,2,16,PC,Fresh,N,32,0,32
FHL,6/22/22,Jun,2022,Sarah Grossman,Y,21:00:00,5:00:00,2,16,S,Fresh,N,312,5,317
FHL,7/6/22,Jul,2022,Sarah Grossman,Y,21:00:00,5:30:00,2,17,PC,Fresh,N,221,1,222
FHL,7/20/22,Jul,2022,Sarah Grossman,Y,21:00:00,5:30:00,2,17,S,Fresh,Y,2263,0,2263
FHL,8/3/22,Aug,2022,Claire Cook,Y,21:00:00,5:30:00,2,17,PC,Fresh,N,147,6,153
FHL,8/18/22,Aug,2022,Claire Cook,Y,20:30:00,6:00:00,2,19,S,Fresh,N,59,0,59
FHL,8/31/22,Aug,2022,Sarah Grossman,Y,20:00:00,6:00:00,2,20,S,Fresh,N,30,0,30
FHL,9/14/22,Sep,2022,Sarah Grossman,Y,20:00:00,6:00:00,2,20,O,Fresh,N,1,1,2
GAD,4/16/22,Apr,2022,Kevin Cagey,Y,20:00:00,6:30:00,1,10.5,S,Fresh,N,0,0,0
GAD,4/18/22,Apr,2022,Blair Paul,Y,20:00:00,6:00:00,2,20,O,Fresh,N,0,0,0
GAD,4/19/22,Apr,2022,Blair Paul,Y,20:00:00,6:00:00,1,10,S,Fresh,N,0,0,0
GAD,4/21/22,Apr,2022,Andy Pavone,Y,20:00:00,6:00:00,2,20,O,Fresh,N,0,0,0
GAD,4/22/22,Apr,2022,Blair Paul,Y,20:00:00,6:00:00,1,10,O,Fresh,N,0,0,0
GAD,4/23/22,Apr,2022,Blair Paul,Y,20:00:00,6:00:00,1,10,S,Fresh,N,0,0,0
GAD,4/25/22,Apr,2022,Blair Paul,Y,20:30:00,6:00:00,2,19,NA,Fresh,N,2,0,2
GAD,4/27/22,Apr,2022,Kevin Cagey,Y,20:30:00,6:00:00,2,19,NA,Fresh,N,0,0,0
GAD,4/28/22,Apr,2022,BP,Y,20:30:00,6:00:00,1,9.5,O,Fresh,N,0,0,0
GAD,4/29/22,Apr,2022,BP,Y,20:30:00,6:00:00,1,9.5,NA,Fresh,N,0,0,0
GAD,5/1/22,May,2022,Sunny and Jay,Y,20:30:00,6:00:00,2,19,PC,Fresh,N,0,0,0
GAD,5/2/22,May,2022,BP,Y,20:30:00,6:00:00,1,9.5,NA,Fresh,N,3,0,3
GAD,5/4/22,May,2022,"AP, KC",Y,20:30:00,6:00:00,2,19,NA,Fresh,N,2,0,2
GAD,5/6/22,May,2022,BP,Y,20:30:00,6:00:00,2,19,R,Fresh,N,0,0,0
GAD,5/7/22,May,2022,Mya Keyzers,Y,20:30:00,6:00:00,1,9.5,PC,Fresh,N,0,0,0
GAD,5/9/22,May,2022,KC,Y,20:30:00,5:30:00,2,18,O,Fresh,N,0,0,0
GAD,5/10/22,May,2022,AP,N,20:30:00,5:30:00,0,0,O,Fresh,N,0,0,0
GAD,5/11/22,May,2022,AP,Y,20:30:00,5:30:00,1,9,O,Fresh,N,0,0,0
GAD,5/12/22,May,2022,AP,Y,20:30:00,5:30:00,1,9,R,Fresh,N,1,0,1
GAD,5/13/22,May,2022,AP,Y,20:30:00,5:30:00,1,9,S,Fresh,N,0,0,0
GAD,5/15/22,May,2022,Sunny Bieber,Y,20:30:00,5:30:00,2,18,NA,Fresh,N,0,0,0
GAD,5/16/22,May,2022,AP,Y,21:00:00,5:30:00,1,8.5,O,Fresh,N,0,0,0
GAD,5/17/22,May,2022,AP,Y,21:00:00,5:30:00,1,8.5,O,Fresh,N,0,0,0
GAD,5/18/22,May,2022,AP,Y,21:00:00,5:30:00,1,8.5,NA,Fresh,N,0,0,0
GAD,5/20/22,May,2022,AP,Y,21:00:00,5:30:00,2,17,S,Fresh,N,0,0,0
GAD,5/21/22,May,2022,Chase Finlash,Y,21:00:00,5:30:00,1,8.5,S,Fresh,N,0,0,0
GAD,5/24/22,May,2022,KC,Y,21:00:00,5:30:00,3,25.5,O,Fresh,N,0,0,0
GAD,5/25/22,May,2022,AP,Y,21:00:00,5:30:00,1,8.5,O,Fresh,N,0,0,0
GAD,5/27/22,May,2022,BP,N,21:00:00,5:30:00,0,0,O,Fresh,N,0,0,0
GAD,5/28/22,May,2022,BP,Y,21:00:00,5:30:00,1,8.5,O,Fresh,N,0,0,0
GAD,5/29/22,May,2022,Sunny Bieber,Y,21:00:00,5:30:00,1,8.5,PC,Fresh,N,0,0,0
GAD,5/31/22,May,2022,BP,Y,21:00:00,5:00:00,2,16,O,Fresh,N,0,0,0
GAD,6/2/22,Jun,2022,BP,Y,21:00:00,5:00:00,2,16,O,Fresh,N,0,0,0
GAD,6/4/22,Jun,2022,Mya Keyzers,Y,21:00:00,5:00:00,2,16,R,Fresh,N,0,0,0
GAD,6/6/22,Jun,2022,BP,Y,21:00:00,5:00:00,2,16,O,Fresh,N,1,0,1
GAD,6/9/22,Jun,2022,AP,Y,21:00:00,5:00:00,3,24,O,Fresh,N,0,0,0
GAD,6/12/22,Jun,2022,KC,Y,21:00:00,5:00:00,3,24,R,Fresh,N,0,0,0
GAD,6/14/22,Jun,2022,KC,Y,21:00:00,5:00:00,2,16,NA,Fresh,N,0,0,0
GAD,6/15/22,Jun,2022,BP,N,21:00:00,5:00:00,0,0,NA,Fresh,N,NA,NA,NA
GAD,6/17/22,Jun,2022,BP,Y,21:00:00,5:00:00,2,16,NA,Fresh,N,0,0,0
GAD,6/18/22,Jun,2022,Sunny and Jay,Y,21:00:00,5:00:00,1,8,NA,Fresh,N,0,0,0
GAD,6/19/22,Jun,2022,BP,Y,21:00:00,5:00:00,1,8,O,Fresh,N,0,0,0
GAD,6/21/22,Jun,2022,"BP, KC, AP",Y,21:00:00,5:00:00,2,16,S,Fresh,N,0,0,0
GAD,6/23/22,Jun,2022,BP,Y,21:00:00,5:00:00,2,16,S,Fresh,N,1,0,1
GAD,6/24/22,Jun,2022,BP,Y,21:00:00,5:00:00,1,8,S,Fresh,N,0,0,0
GAD,6/25/22,Jun,2022,AP,Y,21:00:00,5:00:00,1,8,S,Fresh,N,0,0,0
GAD,6/27/22,Jun,2022,BP,Y,21:00:00,5:30:00,2,17,NA,Fresh,N,0,0,0
GAD,6/28/22,Jun,2022,BP,Y,21:00:00,5:30:00,1,8.5,NA,Fresh,N,0,0,0
GAD,6/29/22,Jun,2022,"BP, Ap",Y,21:00:00,5:30:00,1,8.5,S,Fresh,N,0,0,0
GAD,6/30/22,Jun,2022,BP,Y,21:00:00,5:30:00,1,8.5,S,Fresh,N,0,0,0
GAD,7/3/22,Jul,2022,KC,Y,21:00:00,5:30:00,3,25.5,O,Fresh,N,0,0,0
GAD,7/7/22,Jul,2022,AP,Y,21:00:00,5:30:00,4,34,NA,Fresh,N,0,0,0
GAD,7/8/22,Jul,2022,AP,Y,21:00:00,5:30:00,1,8.5,NA,Fresh,N,0,0,0
GAD,7/10/22,Jul,2022,Sunny Bieber,Y,21:00:00,5:30:00,2,17,PC,Fresh,N,0,0,0
GAD,7/11/22,Jul,2022,AP,Y,21:00:00,5:30:00,1,8.5,O,Fresh,N,0,0,0
GAD,7/12/22,Jul,2022,BP,Y,21:00:00,5:30:00,1,8.5,NA,Fresh,N,0,0,0
GAD,7/14/22,Jul,2022,BP,Y,21:00:00,5:30:00,2,17,NA,Fresh,N,0,0,0
GAD,7/15/22,Jul,2022,BP,Y,21:00:00,5:30:00,1,8.5,NA,Fresh,N,0,0,0
GAD,7/18/22,Jul,2022,BP,Y,21:00:00,5:30:00,3,25.5,NA,Fresh,N,0,1,1
GAD,7/20/22,Jul,2022,"AP, BP",Y,21:00:00,5:30:00,2,17,NA,Fresh,N,0,0,0
GAD,7/21/22,Jul,2022,BP,Y,21:00:00,5:30:00,1,8.5,NA,Fresh,N,0,0,0
GAD,7/23/22,Jul,2022,Chase Finlash,Y,21:00:00,5:30:00,2,17,NA,Fresh,N,1,0,1
GAD,7/25/22,Jul,2022,BP,Y,21:00:00,5:30:00,2,17,NA,Fresh,N,0,0,0
GAD,7/27/22,Jul,2022,BP,Y,21:00:00,5:30:00,2,17,NA,Fresh,N,0,0,0
GAD,7/29/22,Jul,2022,AP,Y,21:00:00,5:30:00,2,17,S,Fresh,N,0,0,0
GAD,7/31/22,Jul,2022,AP,Y,21:00:00,5:30:00,2,17,S,Fresh,N,0,0,0
GAD,8/1/22,Aug,2022,BP,Y,20:30:00,6:00:00,1,9.5,S,Fresh,N,0,0,0
GAD,8/3/22,Aug,2022,BP,Y,20:30:00,6:00:00,2,19,NA,Fresh,N,0,0,0
GAD,8/5/22,Aug,2022,BP,Y,20:30:00,6:00:00,2,19,S,Fresh,N,0,0,0
GAD,8/6/22,Aug,2022,Sunny Bieber,Y,20:30:00,6:00:00,1,9.5,S,Fresh,N,0,0,0
GAD,8/8/22,Aug,2022,BP,Y,20:30:00,6:00:00,2,19,NA,Fresh,N,0,0,0
GAD,8/10/22,Aug,2022,BP,Y,20:30:00,6:00:00,2,19,NA,Fresh,N,0,0,0
GAD,8/12/22,Aug,2022,BP,Y,20:30:00,6:00:00,2,19,NA,Fresh,N,0,0,0
GAD,8/15/22,Aug,2022,"BP, KC, AP",Y,20:00:00,6:00:00,3,30,NA,Fresh,N,0,0,0
GAD,8/17/22,Aug,2022,BP,Y,20:00:00,6:00:00,2,20,NA,Fresh,N,0,0,0
GAD,8/18/22,Aug,2022,BP,Y,20:00:00,6:00:00,1,10,NA,Fresh,N,0,0,0
GAD,8/19/22,Aug,2022,BP,Y,20:00:00,6:00:00,1,10,NA,Fresh,N,0,0,0
GAD,8/20/22,Aug,2022,Chase Finlash,Y,20:00:00,6:00:00,1,10,NA,Fresh,N,0,0,0
GAD,8/23/22,Aug,2022,AP,Y,20:00:00,6:30:00,3,31.5,O,Fresh,N,0,0,0
GAD,8/25/22,Aug,2022,BP,Y,20:00:00,6:30:00,2,21,NA,Fresh,N,0,0,0
GAD,8/26/22,Aug,2022,BP,Y,20:00:00,6:30:00,1,10.5,NA,Fresh,N,0,0,0
GAD,8/31/22,Aug,2022,"AP, KC",Y,20:00:00,6:30:00,5,52.5,NA,Fresh,N,0,0,0
MST,4/20/22,Apr,2022,"AW, FM, KR, EB, RH",Y,20:00:00,6:00:00,2,20,PC,Fresh,N,0,0,0
MST,4/21/22,Apr,2022,"AW, RH",Y,20:00:00,6:00:00,1,10,O,Fresh,N,0,0,0
MST,4/23/22,Apr,2022,"AW, RH, LG",Y,20:00:00,6:00:00,2,20,O,Fresh,N,0,0,0
MST,4/25/22,Apr,2022,"FM, RH",Y,20:00:00,6:00:00,2,20,O,Fresh,N,0,0,0
MST,4/27/22,Apr,2022,"AW, KR, JS",Y,20:30:00,6:00:00,2,19,S,Fresh,N,0,0,0
MST,4/28/22,Apr,2022,AW,Y,20:30:00,6:00:00,1,9.5,O,Fresh,N,0,0,0
MST,4/30/22,Apr,2022,"AW, LG, RM",Y,20:30:00,6:00:00,2,19,R,Fresh,N,0,0,0
MST,5/2/22,May,2022,FM,Y,20:30:00,6:00:00,2,19,O,Fresh,N,0,0,0
MST,5/4/22,May,2022,"AW, KR",Y,20:30:00,6:00:00,2,19,O,Fresh,N,0,0,0
MST,5/5/22,May,2022,AW,Y,20:30:00,6:00:00,1,9.5,R,Fresh,N,0,0,0
MST,5/7/22,May,2022,"BL, KL, AW, LG",Y,20:30:00,6:00:00,2,19,R,Fresh,N,0,0,0
MST,5/9/22,May,2022,FM,Y,20:30:00,5:30:00,2,18,O,Fresh,N,0,0,0
MST,5/11/22,May,2022,"AW, KR",Y,20:30:00,5:30:00,2,18,PC,Fresh,N,0,0,0
MST,5/12/22,May,2022,AW,Y,20:30:00,5:30:00,1,9,R,Fresh,N,0,0,0
MST,5/14/22,May,2022,"LG, AW, EB",Y,20:30:00,5:30:00,2,18,PC,Fresh,N,0,0,0
MST,5/16/22,May,2022,"FM, BF",Y,20:30:00,5:30:00,2,18,S,Fresh,N,0,0,0
MST,5/18/22,May,2022,"AW, KR, JS",Y,21:00:00,5:30:00,2,17,O,Fresh,N,0,0,0
MST,5/19/22,May,2022,AW,Y,21:00:00,5:30:00,1,8.5,O,Fresh,N,0,0,0
MST,5/21/22,May,2022,"LG, EB, JS",Y,21:00:00,5:30:00,2,17,NA,Fresh,N,0,0,0
MST,5/23/22,May,2022,"JS, BF, FM",Y,21:00:00,5:30:00,2,17,O,Fresh,N,0,0,0
MST,5/25/22,May,2022,"JS, KR, AW",Y,21:00:00,5:30:00,2,17,O,Fresh,N,0,0,0
MST,5/26/22,May,2022,"JS, AW",Y,21:00:00,5:30:00,1,8.5,R,Fresh,N,0,0,0
MST,5/28/22,May,2022,"LG, JS, JJ",Y,21:00:00,5:30:00,2,17,R,Fresh,N,0,0,0
MST,5/30/22,May,2022,FM,Y,21:00:00,5:00:00,2,16,S,Fresh,N,0,0,0
MST,6/1/22,Jun,2022,"AW, JS",Y,21:00:00,5:00:00,2,16,O,Fresh,N,0,0,0
MST,6/2/22,Jun,2022,"AW, JS",Y,21:00:00,5:00:00,1,8,PC,Fresh,N,0,0,0
MST,6/4/22,Jun,2022,"LG, JS",Y,21:00:00,5:00:00,2,16,PC,Fresh,N,0,0,0
MST,6/6/22,Jun,2022,"FM, JS, BF",Y,21:00:00,5:00:00,2,16,S,Fresh,N,0,0,0
MST,6/8/22,Jun,2022,AW,Y,21:00:00,5:00:00,2,16,O,Fresh,N,0,0,0
MST,6/9/22,Jun,2022,AW,Y,21:00:00,5:00:00,1,8,R,Fresh,N,0,0,0
MST,6/11/22,Jun,2022,LG,Y,21:00:00,5:00:00,2,16,O,Fresh,N,0,0,0
MST,6/13/22,Jun,2022,"AW, LG",Y,21:00:00,5:00:00,2,16,O,Fresh,N,0,0,0
MST,6/15/22,Jun,2022,"AW, PP",Y,21:00:00,5:00:00,2,16,PC,Fresh,N,0,0,0
MST,6/16/22,Jun,2022,AW,Y,21:00:00,5:00:00,1,8,O,Fresh,N,0,0,0
MST,6/18/22,Jun,2022,LG,Y,21:00:00,5:00:00,2,16,O,Fresh,N,0,0,0
MST,6/20/22,Jun,2022,"FM, PP, BF",Y,21:00:00,5:00:00,2,16,O,Fresh,N,1,0,1
MST,6/22/22,Jun,2022,"AW, CT",Y,21:00:00,5:00:00,2,16,R,Fresh,N,1,0,1
MST,6/23/22,Jun,2022,"AW, CT",Y,21:00:00,5:00:00,1,8,S,Fresh,N,3,0,3
MST,6/25/22,Jun,2022,"AW, LG",Y,21:00:00,5:00:00,2,16,S,Fresh,N,2,0,2
MST,6/27/22,Jun,2022,"FM, CT",Y,21:00:00,5:00:00,2,16,S,Fresh,N,16,0,16
MST,6/29/22,Jun,2022,"AW, CT",Y,21:00:00,5:30:00,2,17,O,Fresh,N,2,0,2
MST,6/30/22,Jun,2022,CT,Y,21:00:00,5:30:00,1,8.5,PC,Fresh,N,0,0,0
MST,7/2/22,Jul,2022,LG,Y,21:00:00,5:30:00,2,17,O,Fresh,N,7,3,10
MST,7/4/22,Jul,2022,LG,Y,21:00:00,5:30:00,2,17,PC,Fresh,N,15,1,16
MST,7/6/22,Jul,2022,AW,Y,21:00:00,5:30:00,2,17,O,Fresh,N,6,0,6
MST,7/7/22,Jul,2022,CT,Y,21:00:00,5:30:00,1,8.5,PC,Fresh,N,12,0,12
MST,7/9/22,Jul,2022,"LG, KC, MC",Y,21:00:00,5:30:00,2,17,PC,Fresh,N,6,0,6
MST,7/11/22,Jul,2022,"FM, CN",Y,21:00:00,5:30:00,2,17,S,Fresh,N,6,0,6
MST,7/13/22,Jul,2022,CT,Y,21:00:00,5:30:00,2,17,PC,Fresh,N,0,0,0
MST,7/14/22,Jul,2022,CT,Y,21:00:00,5:30:00,1,8.5,S,Fresh,N,4,0,4
MST,7/16/22,Jul,2022,LG,Y,21:00:00,5:30:00,2,17,O,Fresh,N,34,4,38
MST,7/18/22,Jul,2022,FM,Y,21:00:00,5:30:00,2,17,O,Fresh,N,13,3,16
MST,7/20/22,Jul,2022,"AW, PP, BP",Y,21:00:00,5:30:00,2,17,S,Fresh,N,0,1,1
MST,7/22/22,Jul,2022,LG,Y,21:00:00,5:30:00,2,17,O,Fresh,N,17,3,20
MST,7/25/22,Jul,2022,"FM, CT",Y,21:00:00,5:30:00,2,17,S,Fresh,N,3,0,3
MST,7/27/22,Jul,2022,CT,Y,21:00:00,5:30:00,2,17,PC,Fresh,N,3,0,3
MST,7/28/22,Jul,2022,AW,Y,21:00:00,5:30:00,1,8.5,S,Fresh,N,1,0,1
MST,7/30/22,Jul,2022,"AW, CT",Y,21:00:00,5:30:00,2,17,S,Fresh,N,3,0,3
MST,8/1/22,Aug,2022,"FM, CT",Y,21:00:00,5:30:00,2,17,S,Fresh,N,5,0,5
MST,8/3/22,Aug,2022,CT,Y,20:30:00,6:00:00,2,19,O,Fresh,N,9,0,9
MST,8/4/22,Aug,2022,CT,Y,20:30:00,6:00:00,1,9.5,O,Fresh,N,5,0,5
MST,8/6/22,Aug,2022,LG,Y,20:30:00,6:00:00,2,19,S,Fresh,N,7,0,7
MST,8/8/22,Aug,2022,"FM, CT",Y,20:30:00,6:00:00,2,19,S,Fresh,N,0,0,0
MST,8/10/22,Aug,2022,CT,Y,20:30:00,6:00:00,2,19,R,Fresh,N,2,0,2
MST,8/11/22,Aug,2022,CT,Y,20:30:00,6:00:00,1,9.5,S,Fresh,N,0,0,0
MST,8/13/22,Aug,2022,"CT, EB",Y,20:30:00,6:00:00,2,19,O,Fresh,N,0,0,0
MST,8/15/22,Aug,2022,FM,Y,20:30:00,6:00:00,2,19,S,Fresh,N,0,0,0
MST,8/17/22,Aug,2022,CT,Y,20:00:00,6:00:00,2,20,S,Fresh,N,0,0,0
MST,8/18/22,Aug,2022,AW,Y,20:00:00,6:00:00,1,10,O,Fresh,N,0,0,0
MST,8/20/22,Aug,2022,CT,Y,20:00:00,6:00:00,2,20,O,Fresh,N,0,0,0
MST,8/22/22,Aug,2022,"CT, FM",Y,20:00:00,6:00:00,2,20,S,Fresh,N,2,0,2
MST,8/24/22,Aug,2022,CT,Y,20:00:00,6:30:00,2,21,S,Fresh,N,0,0,0
MST,8/25/22,Aug,2022,CT,Y,20:00:00,6:30:00,1,10.5,S,Fresh,N,0,0,0
MST,8/27/22,Aug,2022,LG,Y,20:00:00,6:30:00,2,21,O,Fresh,N,0,0,0
MST,8/29/22,Aug,2022,FM,Y,20:00:00,6:30:00,2,21,S,Fresh,N,0,0,0
MST,8/31/22,Aug,2022,AW,Y,20:00:00,6:30:00,2,21,PC,Fresh,N,0,0,0
MST,9/1/22,Sep,2022,AW,Y,20:00:00,6:30:00,1,10.5,NA,Fresh,N,0,0,0
PTW,4/16/22,Apr,2022,"Holly, Moliaika",Y,20:00:00,6:00:00,1,10,NA,NA,N,0,0,0
PTW,4/17/22,Apr,2022,"Corinne, Dennis",Y,20:00:00,6:00:00,1,10,NA,NA,N,0,0,0
PTW,4/18/22,Apr,2022,EB,Y,20:00:00,6:00:00,1,10,NA,NA,N,0,0,0
PTW,4/19/22,Apr,2022,"CW, DA",Y,20:00:00,6:00:00,1,10,NA,NA,N,0,0,0
PTW,4/20/22,Apr,2022,"MB, KK",Y,20:00:00,6:00:00,1,10,NA,NA,N,0,0,0
PTW,4/21/22,Apr,2022,EB,Y,20:00:00,6:00:00,1,10,NA,NA,N,0,0,0
PTW,4/22/22,Apr,2022,"HW, MR",Y,20:00:00,6:00:00,1,10,NA,NA,N,0,0,0
PTW,4/23/22,Apr,2022,"HW, MR",Y,20:00:00,6:00:00,1,10,NA,NA,N,0,0,0
PTW,4/24/22,Apr,2022,"CW, DA",Y,20:00:00,6:00:00,1,10,NA,NA,N,0,0,0
PTW,4/25/22,Apr,2022,EB,Y,20:00:00,6:00:00,1,10,NA,NA,N,0,0,0
PTW,4/26/22,Apr,2022,"Jim, Dana",Y,20:30:00,6:00:00,1,9.5,NA,NA,N,0,0,0
PTW,4/27/22,Apr,2022,"Melissa, Keith",Y,20:30:00,6:00:00,1,9.5,NA,NA,N,0,0,0
PTW,4/28/22,Apr,2022,Ali,Y,20:30:00,6:00:00,1,9.5,NA,NA,N,0,0,0
PTW,4/29/22,Apr,2022,Mandi,Y,20:30:00,6:00:00,1,9.5,NA,NA,N,0,0,0
PTW,4/30/22,Apr,2022,"Erin, Holly",Y,20:30:00,6:00:00,1,9.5,NA,NA,N,0,0,0
PTW,5/1/22,May,2022,"Michelle, Steve",Y,20:30:00,6:00:00,1,9.5,NA,NA,N,0,0,0
PTW,5/2/22,May,2022,EB,N,20:30:00,6:00:00,0,0,NA,NA,N,NA,NA,NA
PTW,5/4/22,May,2022,"Melissa, Keith",Y,20:30:00,6:00:00,1,9.5,NA,NA,N,1,0,1
PTW,5/5/22,May,2022,"Erin, Malaika",Y,20:30:00,6:00:00,1,9.5,NA,NA,N,8,0,8
PTW,5/6/22,May,2022,Mandi,Y,20:30:00,6:00:00,1,9.5,NA,NA,N,48,0,48
PTW,5/7/22,May,2022,"Holly, Erin",Y,20:30:00,6:00:00,1,9.5,NA,NA,N,241,0,241
PTW,5/8/22,May,2022,"Michelle, Ali",Y,20:30:00,6:00:00,1,9.5,NA,NA,N,263,0,263
PTW,5/9/22,May,2022,"EB, KG",N,20:30:00,6:00:00,0,0,NA,NA,N,NA,NA,NA
PTW,5/10/22,May,2022,"Ali, Dana",Y,20:30:00,5:30:00,1,9,NA,NA,N,169,1,170
PTW,5/11/22,May,2022,"Melissa, Keith",Y,20:30:00,5:30:00,1,9,NA,NA,N,228,0,228
PTW,5/12/22,May,2022,EB,Y,20:30:00,5:30:00,1,9,NA,NA,N,22,1,23
PTW,5/13/22,May,2022,"HW, EM",Y,20:30:00,5:30:00,1,9,NA,NA,N,54,1,55
PTW,5/14/22,May,2022,"MR, EM",Y,20:30:00,5:30:00,1,9,NA,NA,N,33,1,34
PTW,5/15/22,May,2022,"Michelle, Ali",Y,20:30:00,5:30:00,1,9,NA,NA,N,66,0,66
PTW,5/16/22,May,2022,EB,Y,20:30:00,5:30:00,1,9,NA,NA,N,176,5,181
PTW,5/17/22,May,2022,DA,Y,21:00:00,5:30:00,1,8.5,NA,NA,N,142,1,143
PTW,5/18/22,May,2022,"MB, KK",Y,21:00:00,5:30:00,1,8.5,NA,NA,N,128,1,129
PTW,5/19/22,May,2022,"KG, DS",Y,21:00:00,5:30:00,1,8.5,NA,NA,N,375,2,377
PTW,5/20/22,May,2022,"HW, EM",Y,21:00:00,5:30:00,1,8.5,NA,NA,N,2088,6,2094
PTW,5/21/22,May,2022,"HW, MR",Y,21:00:00,5:30:00,1,8.5,NA,NA,N,1234,14,1248
PTW,5/22/22,May,2022,AR,Y,21:00:00,5:30:00,1,8.5,NA,NA,N,576,41,617
PTW,5/23/22,May,2022,EB,N,21:00:00,5:30:00,0,0,NA,NA,N,NA,NA,NA
PTW,5/24/22,May,2022,DA,Y,21:00:00,5:30:00,1,8.5,NA,NA,N,1588,10,1598
PTW,5/25/22,May,2022,MB,Y,21:00:00,5:30:00,1,8.5,NA,NA,Y,3727,0,3727
PTW,5/26/22,May,2022,"EB, KG",Y,21:00:00,5:30:00,1,8.5,NA,NA,N,1738,3,1741
PTW,5/27/22,May,2022,"EM, MR",Y,21:00:00,5:30:00,1,8.5,NA,NA,N,1133,4,1137
PTW,5/28/22,May,2022,"EM, HW, MR",Y,21:00:00,5:30:00,1,8.5,NA,NA,N,2492,1,2493
PTW,5/29/22,May,2022,AR,Y,21:00:00,5:30:00,1,8.5,NA,NA,N,1841,4,1845
PTW,5/30/22,May,2022,AR,Y,21:00:00,5:30:00,1,8.5,NA,NA,N,846,0,846
PTW,5/31/22,May,2022,"Dana, Jim",Y,21:00:00,5:00:00,1,8,NA,NA,N,350,4,354
PTW,6/1/22,Jun,2022,"Melissa, Keith",Y,21:00:00,5:00:00,1,8,NA,NA,N,258,5,263
PTW,6/2/22,Jun,2022,"EB, KB",Y,21:00:00,5:00:00,1,8,NA,NA,N,312,3,315
PTW,6/3/22,Jun,2022,Holly,Y,21:00:00,5:00:00,1,8,NA,NA,N,78,1,79
PTW,6/4/22,Jun,2022,AC,Y,21:00:00,5:00:00,1,8,NA,NA,N,59,0,59
PTW,6/5/22,Jun,2022,Corinne,N,21:00:00,5:00:00,0,0,NA,NA,N,NA,NA,NA
PTW,6/6/22,Jun,2022,EB,Y,21:00:00,5:00:00,1,8,NA,NA,N,36,1,37
PTW,6/7/22,Jun,2022,"Dana, Craig",Y,21:00:00,5:00:00,1,8,NA,NA,N,15,2,17
PTW,6/8/22,Jun,2022,"MB, KK",Y,21:00:00,5:00:00,1,8,NA,NA,N,28,0,28
PTW,6/9/22,Jun,2022,EB,Y,21:00:00,5:00:00,1,8,NA,NA,N,41,0,41
PTW,6/10/22,Jun,2022,"HW, MR, EM",Y,21:00:00,5:00:00,1,8,NA,NA,N,19,0,19
PTW,6/11/22,Jun,2022,"EM, MR",Y,21:00:00,5:00:00,1,8,NA,NA,N,19,0,19
PTW,6/12/22,Jun,2022,"Corinne, Dennis",Y,21:00:00,5:00:00,1,8,NA,NA,N,15,0,15
PTW,6/13/22,Jun,2022,EB,N,21:00:00,5:00:00,0,0,NA,NA,N,NA,NA,NA
PTW,6/14/22,Jun,2022,"Dana, Craig",Y,21:00:00,5:00:00,1,8,NA,NA,N,40,0,40
PTW,6/15/22,Jun,2022,Keith,Y,21:00:00,5:00:00,1,8,NA,NA,N,247,0,247
PTW,6/16/22,Jun,2022,"EB, AY",Y,21:00:00,5:00:00,1,8,NA,NA,N,455,2,457
PTW,6/17/22,Jun,2022,AR,Y,21:00:00,5:00:00,1,8,NA,NA,N,189,4,193
PTW,6/18/22,Jun,2022,AR,Y,21:00:00,5:00:00,1,8,NA,NA,N,162,2,164
PTW,6/19/22,Jun,2022,"Corrine, Dennis",Y,21:00:00,5:00:00,1,8,NA,NA,N,295,0,295
PTW,6/20/22,Jun,2022,AR,Y,21:00:00,5:00:00,1,8,NA,NA,N,384,1,385
PTW,6/21/22,Jun,2022,"Dana, Craig",Y,21:00:00,5:00:00,1,8,NA,NA,N,148,0,148
PTW,6/22/22,Jun,2022,EB,Y,21:00:00,5:00:00,1,8,NA,NA,N,178,6,184
PTW,6/23/22,Jun,2022,EB,Y,21:00:00,5:00:00,1,8,NA,NA,N,116,7,123
PTW,6/24/22,Jun,2022,"Holly, Malaika",Y,21:00:00,5:00:00,1,8,NA,NA,N,75,5,80
PTW,6/25/22,Jun,2022,"Erin, Mailaika",Y,21:00:00,5:00:00,1,8,NA,NA,N,52,1,53
PTW,6/26/22,Jun,2022,"Dennis, Corrine",Y,21:00:00,5:00:00,1,8,NA,NA,N,378,0,378
PTW,6/27/22,Jun,2022,EB,Y,21:00:00,5:00:00,1,8,NA,NA,N,185,0,185
PTW,6/28/22,Jun,2022,"Dana, Craig",Y,21:00:00,5:30:00,1,8.5,NA,NA,N,13,0,13
PTW,6/29/22,Jun,2022,AR,Y,21:00:00,5:30:00,1,8.5,NA,NA,N,2836,0,2836
PTW,6/30/22,Jun,2022,"EB, KB",Y,21:00:00,5:30:00,1,8.5,NA,NA,Y,730,0,730
PTW,7/1/22,Jul,2022,"Holly, Malaika",Y,21:00:00,5:30:00,1,8.5,NA,NA,N,564,1,565
PTW,7/2/22,Jul,2022,Malaika,N,21:00:00,5:30:00,0,0,NA,NA,NA,NA,NA,NA
PTW,7/3/22,Jul,2022,"Malaika, Michelle",Y,21:00:00,5:30:00,1,8.5,NA,NA,N,813,11,824
PTW,7/4/22,Jul,2022,AR,Y,21:00:00,5:30:00,1,8.5,NA,NA,N,915,2,917
PTW,7/5/22,Jul,2022,"Dana, Michell",Y,21:00:00,5:30:00,1,8.5,NA,NA,N,137,0,137
PTW,7/6/22,Jul,2022,"MB, KK",Y,21:00:00,5:30:00,1,8.5,NA,NA,N,96,0,96
PTW,7/7/22,Jul,2022,EB,Y,21:00:00,5:30:00,1,8.5,NA,NA,N,98,1,99
PTW,7/8/22,Jul,2022,"Erin, Holly, MR",Y,21:00:00,5:30:00,1,8.5,NA,NA,N,233,0,233
PTW,7/9/22,Jul,2022,Holly,Y,21:00:00,5:30:00,1,8.5,NA,NA,N,131,0,131
PTW,7/10/22,Jul,2022,"Dana, Keith",Y,21:00:00,5:30:00,1,8.5,NA,NA,N,79,2,81
PTW,7/11/22,Jul,2022,"EB, AR",Y,21:00:00,5:30:00,1,8.5,NA,NA,N,120,0,120
PTW,7/12/22,Jul,2022,"Dana, Craig",Y,21:00:00,5:30:00,1,8.5,NA,NA,N,9,0,9
PTW,7/13/22,Jul,2022,Keith,Y,21:00:00,5:30:00,1,8.5,NA,NA,N,224,1,225
PTW,7/14/22,Jul,2022,"KG, KB",Y,21:00:00,5:30:00,1,8.5,NA,NA,N,63,1,64
PTW,7/15/22,Jul,2022,"EM, MA",Y,21:00:00,5:30:00,1,8.5,NA,NA,N,66,0,66
PTW,7/16/22,Jul,2022,"MR, EM",Y,21:00:00,5:30:00,1,8.5,NA,NA,N,246,1,247
PTW,7/17/22,Jul,2022,AR,Y,21:00:00,5:30:00,1,8.5,NA,NA,N,563,0,563
PTW,7/18/22,Jul,2022,EB,Y,21:00:00,5:30:00,1,8.5,NA,NA,N,63,1,64
PTW,7/19/22,Jul,2022,"Craig, Dana",Y,21:00:00,5:30:00,1,8.5,NA,NA,N,4,0,4
PTW,7/20/22,Jul,2022,"Melissa, Keith",Y,21:00:00,5:30:00,1,8.5,NA,NA,N,29,0,29
PTW,7/21/22,Jul,2022,Korie,Y,21:00:00,5:30:00,1,8.5,NA,NA,N,18,0,18
PTW,7/22/22,Jul,2022,Mandi,Y,21:00:00,5:30:00,1,8.5,NA,NA,N,7,0,7
PTW,7/23/22,Jul,2022,Mandi,Y,21:00:00,5:30:00,1,8.5,NA,NA,N,5,1,6
PTW,7/24/22,Jul,2022,Mickey,Y,21:00:00,5:30:00,1,8.5,NA,NA,N,14,1,15
PTW,7/25/22,Jul,2022,EB,Y,21:00:00,5:30:00,1,8.5,NA,NA,N,2,0,2
PTW,7/26/22,Jul,2022,"Craig, Dana",Y,21:00:00,5:30:00,1,8.5,NA,NA,N,3,4,7
PTW,7/27/22,Jul,2022,"Melissa, Keith",Y,21:00:00,5:30:00,1,8.5,NA,NA,N,1,0,1
PTW,7/28/22,Jul,2022,Ali,Y,21:00:00,5:30:00,1,8.5,NA,NA,N,1,0,1
PTW,7/29/22,Jul,2022,MR,Y,21:00:00,5:30:00,1,8.5,NA,NA,N,3,0,3
PTW,7/30/22,Jul,2022,MR,Y,21:00:00,5:30:00,1,8.5,NA,NA,N,9,0,9
PTW,7/31/22,Jul,2022,Michelle,Y,21:00:00,5:30:00,1,8.5,NA,NA,N,23,0,23
PTW,8/1/22,Aug,2022,EB,Y,21:00:00,5:30:00,1,8.5,NA,NA,N,3,0,3
PTW,8/2/22,Aug,2022,EB,Y,20:30:00,6:00:00,1,9.5,NA,NA,N,0,0,0
PTW,8/3/22,Aug,2022,"Melissa, Keith",Y,20:30:00,6:00:00,1,9.5,NA,NA,N,0,0,0
PTW,8/5/22,Aug,2022,Mandi,Y,20:30:00,6:00:00,2,19,NA,NA,N,0,0,0
PTW,8/6/22,Aug,2022,Mandi,Y,20:30:00,6:00:00,1,9.5,NA,NA,N,0,0,0
PTW,8/7/22,Aug,2022,"Dennis, Corrine",Y,20:30:00,6:00:00,1,9.5,NA,NA,N,0,0,0
PTW,8/8/22,Aug,2022,AR,N,20:30:00,6:00:00,0,0,NA,NA,NA,0,NA,NA
PTW,8/9/22,Aug,2022,Dana,Y,20:30:00,6:00:00,1,9.5,NA,NA,N,1,0,1
PTW,8/10/22,Aug,2022,Melissa,Y,20:30:00,6:00:00,1,9.5,NA,NA,N,0,0,0
PTW,8/12/22,Aug,2022,Mandi,Y,20:30:00,6:00:00,2,19,NA,NA,N,0,0,0
PTW,8/14/22,Aug,2022,"Corinne, Dennis",Y,20:30:00,6:00:00,2,19,NA,NA,N,1,1,2
PTW,8/15/22,Aug,2022,EB,Y,20:30:00,6:00:00,1,9.5,NA,NA,N,2,0,2
PTW,8/17/22,Aug,2022,"Melissa, Craig",Y,20:00:00,6:00:00,2,20,NA,NA,N,0,0,0
PTW,8/19/22,Aug,2022,Mandi,Y,20:00:00,6:00:00,2,20,NA,NA,N,0,0,0
PTW,8/21/22,Aug,2022,"Corinne, Dennis",Y,20:00:00,6:00:00,2,20,NA,NA,N,0,0,0
PTW,8/22/22,Aug,2022,EB,Y,20:00:00,6:00:00,1,10,NA,NA,N,0,0,0
PTW,8/24/22,Aug,2022,"Melissa, Keith",Y,20:00:00,6:30:00,2,21,NA,NA,N,0,0,0
PTW,8/26/22,Aug,2022,Mandi,Y,20:00:00,6:30:00,2,21,NA,NA,N,0,0,0
PTW,8/28/22,Aug,2022,"Corinne, Dennis",Y,20:00:00,6:30:00,2,21,NA,NA,N,0,0,0
PTW,8/29/22,Aug,2022,EB,N,NA,NA,0,0,NA,NA,NA,31644,NA,NA
ROS,4/9/22,Apr,2022,Volunteer,Y,20:00:00,6:30:00,2,21,S,Frozen,N,0,0,0
ROS,4/11/22,Apr,2022,Claire Cook,N,20:00:00,6:30:00,0,0,NA,Fresh,N,NA,NA,NA
ROS,4/13/22,Apr,2022,Claire Cook,Y,20:00:00,6:30:00,2,21,O,Fresh,N,0,0,0
ROS,4/14/22,Apr,2022,Lindy Hunter,N,20:00:00,6:30:00,0,0,NA,Fresh,N,NA,NA,NA
ROS,4/16/22,Apr,2022,Volunteer,Y,20:00:00,6:30:00,2,21,NA,Frozen,N,0,0,0
ROS,4/18/22,Apr,2022,Sarah Grossman,Y,20:00:00,6:30:00,2,21,O,Fresh,N,0,0,0
ROS,4/20/22,Apr,2022,Claire Cook,Y,20:00:00,6:00:00,2,20,O,Fresh,N,0,0,0
ROS,4/21/22,Apr,2022,Claire Cook,Y,20:00:00,6:00:00,1,10,O,Fresh,N,0,0,0
ROS,4/23/22,Apr,2022,Volunteer,Y,20:00:00,6:00:00,2,20,NA,Frozen,N,0,0,0
ROS,4/25/22,Apr,2022,Claire Cook,Y,20:00:00,6:00:00,2,20,O,Fresh,N,0,0,0
ROS,4/27/22,Apr,2022,Lindy Hunter,Y,20:30:00,6:00:00,2,19,S,Fresh,N,0,0,0
ROS,4/28/22,Apr,2022,Lindy Hunter,N,20:30:00,6:00:00,0,0,NA,Fresh,N,NA,NA,NA
ROS,4/30/22,Apr,2022,Volunteer,Y,20:30:00,6:00:00,2,19,NA,Frozen,N,0,0,0
ROS,5/2/22,May,2022,Sarah Grossman,Y,20:30:00,6:00:00,2,19,O,Fresh,N,0,0,0
ROS,5/3/22,May,2022,Claire Cook,Y,20:30:00,6:00:00,1,9.5,O,Fresh,N,0,0,0
ROS,5/5/22,May,2022,Lindy Hunter,Y,20:30:00,6:00:00,2,19,R,Fresh,N,4,0,4
ROS,5/7/22,May,2022,Volunteer,Y,20:30:00,6:00:00,2,19,NA,Frozen,N,0,0,0
ROS,5/9/22,May,2022,Sarah Grossman,Y,20:30:00,6:00:00,2,19,O,Fresh,N,468,1,469
ROS,5/11/22,May,2022,Claire Cook,Y,20:30:00,5:30:00,2,18,PC,Fresh,Y,1293,68,1361
ROS,5/12/22,May,2022,Lindy Hunter,Y,20:30:00,5:30:00,1,9,R,Fresh,N,266,18,284
ROS,5/14/22,May,2022,Volunteer,Y,20:30:00,5:30:00,2,18,NA,Frozen,N,58,44,102
ROS,5/16/22,May,2022,Claire Cook,N,20:30:00,5:30:00,0,0,NA,Fresh,N,NA,NA,NA
ROS,5/17/22,May,2022,Sarah Grossman,Y,21:00:00,5:30:00,1,8.5,PC,Fresh,N,106,0,106
ROS,5/19/22,May,2022,Sarah Grossman,Y,21:00:00,5:30:00,1,8.5,PC,Fresh,N,0,0,0
ROS,5/21/22,May,2022,Volunteer,Y,21:00:00,5:30:00,2,17,NA,Frozen,N,83,17,100
ROS,5/23/22,May,2022,Sarah Grossman,Y,21:00:00,5:30:00,2,17,O,Fresh,N,254,36,290
ROS,5/25/22,May,2022,Claire Cook,Y,21:00:00,5:30:00,2,17,S,Fresh,Y,1663,356,2019
ROS,5/26/22,May,2022,Lindy Hunter,Y,21:00:00,5:30:00,1,8.5,O,Fresh,Y,1181,146,1327
ROS,5/28/22,May,2022,Volunteer,Y,21:00:00,5:30:00,2,17,NA,Frozen,N,68,148,216
ROS,5/30/22,May,2022,Claire Cook,N,21:00:00,5:30:00,0,0,NA,Fresh,N,NA,NA,NA
ROS,6/1/22,Jun,2022,Claire Cook,Y,21:00:00,5:00:00,2,16,PC,Fresh,N,29,17,46
ROS,6/2/22,Jun,2022,Claire Cook,Y,21:00:00,5:00:00,1,8,PC,Fresh,N,7,0,7
ROS,6/4/22,Jun,2022,Volunteer,Y,21:00:00,5:00:00,2,16,NA,Frozen,N,11,2,13
ROS,6/6/22,Jun,2022,Sarah Grossman,Y,21:00:00,5:00:00,2,16,PC,Fresh,N,16,1,17
ROS,6/8/22,Jun,2022,Sarah Grossman,Y,21:00:00,5:00:00,2,16,PC,Fresh,N,22,0,22
ROS,6/9/22,Jun,2022,Lindy Hunter,Y,21:00:00,5:00:00,1,8,R,Fresh,N,14,1,15
ROS,6/11/22,Jun,2022,Volunteer,Y,21:00:00,5:00:00,2,16,NA,Frozen,N,21,1,22
ROS,6/13/22,Jun,2022,Sarah Grossman,Y,21:00:00,5:00:00,2,16,O,Fresh,N,41,6,47
ROS,6/15/22,Jun,2022,Sarah Grossman,Y,21:00:00,5:00:00,2,16,O,Fresh,N,192,9,201
ROS,6/16/22,Jun,2022,Sarah Grossman,Y,21:00:00,5:00:00,1,8,PC,Fresh,N,206,0,206
ROS,6/18/22,Jun,2022,Volunteer,Y,21:00:00,5:00:00,2,16,NA,Frozen,N,60,1,61
ROS,6/20/22,Jun,2022,Claire Cook,N,21:00:00,5:00:00,0,0,NA,Fresh,N,NA,NA,NA
ROS,6/22/22,Jun,2022,Sarah Grossman,Y,21:00:00,5:00:00,2,16,S,Fresh,N,532,90,622
ROS,6/23/22,Jun,2022,Lindy Hunter,Y,21:00:00,5:00:00,1,8,S,Fresh,N,410,5,415
ROS,6/25/22,Jun,2022,Volunteer,Y,21:00:00,5:00:00,2,16,NA,Frozen,N,36,11,47
ROS,6/27/22,Jun,2022,Claire Cook,Y,21:00:00,5:00:00,2,16,S,Fresh,N,344,29,373
ROS,6/29/22,Jun,2022,Claire Cook,Y,21:00:00,5:30:00,2,17,PC,Fresh,N,897,4,901
ROS,6/30/22,Jun,2022,Lindy Hunter,Y,21:00:00,5:30:00,1,8.5,S,Fresh,N,736,1,737
ROS,7/2/22,Jul,2022,Volunteer,Y,21:00:00,5:30:00,2,17,NA,Frozen,N,730,7,737
ROS,7/4/22,Jul,2022,Sarah Grossman,Y,21:00:00,5:30:00,2,17,PC,Fresh,Y,1674,9,1683
ROS,7/6/22,Jul,2022,Sarah Grossman,Y,21:00:00,5:30:00,2,17,PC,Fresh,Y,3435,8,3443
ROS,7/7/22,Jul,2022,Lindy Hunter,Y,21:00:00,5:30:00,1,8.5,O,Fresh,Y,2221,0,2221
ROS,7/9/22,Jul,2022,Volunteer,Y,21:00:00,5:30:00,2,17,NA,Frozen,N,923,0,923
ROS,7/11/22,Jul,2022,Sarah Grossman,Y,21:00:00,5:30:00,2,17,S,Fresh,Y,2628,31,2659
ROS,7/13/22,Jul,2022,Claire Cook,N,21:00:00,5:30:00,0,0,NA,Fresh,N,NA,NA,NA
ROS,7/14/22,Jul,2022,Sarah Grossman,Y,21:00:00,5:30:00,1,8.5,S,Fresh,Y,1225,0,1225
ROS,7/16/22,Jul,2022,Volunteer,Y,21:00:00,5:30:00,2,17,NA,Frozen,N,686,42,728
ROS,7/18/22,Jul,2022,Sarah Grossman,Y,21:00:00,5:30:00,2,17,O,Fresh,N,214,8,222
ROS,7/20/22,Jul,2022,Claire Cook,N,21:00:00,5:30:00,0,0,NA,Fresh,N,NA,NA,NA
ROS,7/21/22,Jul,2022,Lindy Hunter,N,21:00:00,5:30:00,0,0,NA,Fresh,N,NA,NA,NA
ROS,7/23/22,Jul,2022,Volunteer,N,21:00:00,5:30:00,0,0,NA,Frozen,N,NA,NA,NA
ROS,7/25/22,Jul,2022,Sarah Grossman,N,21:00:00,5:30:00,0,0,NA,Fresh,N,NA,NA,NA
ROS,7/27/22,Jul,2022,Claire Cook,Y,21:00:00,5:30:00,2,17,S,Fresh,N,836,45,881
ROS,7/28/22,Jul,2022,Sarah Grossman,N,21:00:00,5:30:00,0,0,NA,Fresh,N,NA,NA,NA
ROS,7/30/22,Jul,2022,Volunteer,Y,21:00:00,5:30:00,2,17,NA,Frozen,N,3,2,5
ROS,8/1/22,Aug,2022,Claire Cook,N,21:00:00,5:30:00,0,0,NA,Fresh,N,NA,NA,NA
ROS,8/2/22,Aug,2022,Sarah Grossman,Y,20:30:00,6:00:00,1,9.5,S,Fresh,N,132,0,132
ROS,8/4/22,Aug,2022,Lindy Hunter,Y,20:30:00,6:00:00,2,19,O,Fresh,N,21,3,24
ROS,8/6/22,Aug,2022,Volunteer,Y,20:30:00,6:00:00,2,19,NA,Frozen,N,69,1,70
ROS,8/8/22,Aug,2022,Sarah Grossman,Y,20:30:00,6:00:00,2,19,S,Fresh,N,28,21,49
ROS,8/10/22,Aug,2022,Sarah Grossman,Y,20:30:00,6:00:00,2,19,O,Fresh,N,30,5,35
ROS,8/11/22,Aug,2022,Lindy Hunter,Y,20:30:00,6:00:00,1,9.5,S,Fresh,N,4,1,5
ROS,8/13/22,Aug,2022,Volunteer,Y,20:30:00,6:00:00,2,19,NA,Frozen,N,0,1,1
ROS,8/15/22,Aug,2022,Claire Cook,Y,20:30:00,6:00:00,2,19,S,Fresh,N,0,0,0
ROS,8/16/22,Aug,2022,Lindy Hunter,Y,20:00:00,6:00:00,1,10,S,Fresh,N,0,0,0
ROS,8/18/22,Aug,2022,Claire Cook,Y,20:00:00,6:00:00,2,20,O,Fresh,N,10,0,10
ROS,8/20/22,Aug,2022,Volunteer,Y,20:00:00,6:00:00,2,20,NA,Frozen,N,17,0,17
ROS,8/22/22,Aug,2022,Sarah Grossman,Y,20:00:00,6:00:00,2,20,S,Fresh,N,84,1,85
ROS,8/24/22,Aug,2022,Claire Cook,Y,20:00:00,6:30:00,2,21,S,Fresh,N,52,1,53
ROS,8/25/22,Aug,2022,Lindy Hunter,Y,20:00:00,6:30:00,1,10.5,S,Fresh,N,3,0,3
ROS,8/27/22,Aug,2022,Volunteer,Y,20:00:00,6:30:00,2,21,NA,Frozen,N,1,0,1
ROS,8/29/22,Aug,2022,Sarah Grossman,Y,20:00:00,6:30:00,2,21,S,Fresh,N,0,0,0
ROS,8/31/22,Aug,2022,Sarah Grossman,Y,20:00:00,6:30:00,2,21,S,Fresh,N,0,0,0
ROS,9/1/22,Sep,2022,Sarah Grossman,Y,20:00:00,6:30:00,1,10.5,O,Fresh,N,1,0,1
ROS,9/3/22,Sep,2022,Volunteer,Y,20:00:00,6:30:00,2,21,NA,Frozen,N,0,0,0
ROS,9/5/22,Sep,2022,Sarah Grossman,Y,20:00:00,6:30:00,2,21,S,Fresh,N,0,0,0
ROS,9/7/22,Sep,2022,Claire Cook,N,19:30:00,6:30:00,0,0,NA,Fresh,N,NA,NA,NA
ROS,9/8/22,Sep,2022,Lindy Hunter,Y,19:30:00,6:30:00,1,11,S,Fresh,N,0,0,0
ROS,9/10/22,Sep,2022,Volunteer,Y,19:30:00,6:30:00,2,22,NA,Frozen,N,0,0,0
ROS,9/12/22,Sep,2022,Claire Cook,Y,19:30:00,6:30:00,2,22,PC,Fresh,N,0,0,0
ROS,9/13/22,Sep,2022,Sarah Grossman,Y,19:30:00,6:30:00,1,11,PC,Fresh,N,0,0,0
ROS,9/15/22,Sep,2022,Lindy Hunter,Y,19:30:00,6:30:00,1,11,O,Fresh,N,1,0,1
ROS,9/17/22,Sep,2022,Volunteer,Y,19:30:00,6:30:00,2,22,NA,Frozen,N,0,0,0
ROS,9/19/22,Sep,2022,Sarah Grossman,Y,19:30:00,6:30:00,2,22,S,Fresh,N,0,0,0
ROS,9/21/22,Sep,2022,Claire Cook,Y,19:30:00,6:30:00,2,22,S,Fresh,N,0,0,0
ROS,9/22/22,Sep,2022,Lindy Hunter,Y,19:00:00,7:00:00,1,12,O,Fresh,N,0,0,0
ROS,9/24/22,Sep,2022,Volunteer,N,19:00:00,7:00:00,0,0,NA,Frozen,N,NA,NA,NA
ROS,9/26/22,Sep,2022,Sarah Grossman,Y,19:00:00,7:00:00,2,24,PC,Fresh,N,0,0,0
ROS,9/28/22,Sep,2022,Sarah Grossman,Y,19:00:00,7:00:00,2,24,PC,Fresh,N,0,1,1
SMS,4/15/22,Apr,2022,Sarah Grossman,Y,20:00:00,6:30:00,2,21,O,Fresh,N,0,0,0
SMS,4/16/22,Apr,2022,Volunteer,N,20:00:00,6:30:00,0,0,NA,Fresh,N,NA,NA,NA
SMS,4/18/22,Apr,2022,Claire Cook,Y,20:00:00,6:30:00,2,21,R,Fresh,N,0,0,0
SMS,4/20/22,Apr,2022,Volunteer,Y,20:00:00,6:00:00,2,20,S,Fresh,N,0,0,0
SMS,4/22/22,Apr,2022,Volunteer,Y,20:00:00,6:00:00,2,20,NA,Fresh,N,0,0,0
SMS,4/23/22,Apr,2022,Volunteer,N,20:00:00,6:00:00,0,0,NA,Fresh,N,NA,NA,NA
SMS,4/25/22,Apr,2022,Sarah Grossman,Y,20:00:00,6:00:00,2,20,O,Fresh,N,0,0,0
SMS,4/27/22,Apr,2022,Volunteer,Y,20:30:00,6:00:00,2,19,NA,Fresh,N,0,0,0
SMS,4/29/22,Apr,2022,Volunteer,Y,20:30:00,6:00:00,2,19,NA,Fresh,N,0,0,0
SMS,4/30/22,Apr,2022,Volunteer,N,20:30:00,6:00:00,0,0,NA,Fresh,N,NA,NA,NA
SMS,5/2/22,May,2022,Sarah Grossman,Y,20:30:00,6:00:00,2,19,O,Fresh,N,0,0,0
SMS,5/4/22,May,2022,Volunteer,Y,20:30:00,6:00:00,2,19,NA,Fresh,N,0,0,0
SMS,5/6/22,May,2022,Volunteer,N,20:30:00,6:00:00,0,0,NA,Fresh,N,NA,NA,NA
SMS,5/7/22,May,2022,Volunteer,N,20:30:00,6:00:00,0,0,NA,Fresh,N,NA,NA,NA
SMS,5/9/22,May,2022,Claire Cook,N,20:30:00,6:00:00,0,0,NA,Fresh,N,NA,NA,NA
SMS,5/11/22,May,2022,Volunteer,Y,20:30:00,5:30:00,2,18,O,Fresh,N,0,0,0
SMS,5/13/22,May,2022,Volunteer,Y,20:30:00,5:30:00,2,18,NA,Fresh,N,0,0,0
SMS,5/14/22,May,2022,Volunteer,N,20:30:00,5:30:00,0,0,NA,Fresh,N,NA,NA,NA
SMS,5/16/22,May,2022,Sarah Grossman,Y,20:30:00,5:30:00,2,18,O,Fresh,N,0,1,1
SMS,5/18/22,May,2022,Volunteer,Y,21:00:00,5:30:00,2,17,S,Fresh,N,0,0,0
SMS,5/20/22,May,2022,Volunteer,Y,21:00:00,5:30:00,2,17,NA,Fresh,N,0,0,0
SMS,5/21/22,May,2022,Volunteer,N,21:00:00,5:30:00,0,0,NA,Fresh,N,NA,NA,NA
SMS,5/23/22,May,2022,Sarah Grossman,Y,21:00:00,5:30:00,2,17,O,Fresh,N,0,0,0
SMS,5/25/22,May,2022,Volunteer,Y,21:00:00,5:30:00,2,17,S,Fresh,N,2,0,2
SMS,5/27/22,May,2022,Volunteer,N,21:00:00,5:30:00,0,0,NA,Fresh,N,NA,NA,NA
SMS,5/28/22,May,2022,Volunteer,N,21:00:00,5:30:00,0,0,NA,Fresh,N,NA,NA,NA
SMS,5/30/22,May,2022,Claire Cook,N,21:00:00,5:30:00,0,0,NA,Fresh,N,NA,NA,NA
SMS,6/1/22,Jun,2022,Volunteer,Y,21:00:00,5:00:00,2,16,S,Fresh,N,0,0,0
SMS,6/3/22,Jun,2022,Volunteer,Y,21:00:00,5:00:00,2,16,NA,Fresh,N,0,0,0
SMS,6/4/22,Jun,2022,Volunteer,N,21:00:00,5:00:00,0,0,NA,Fresh,N,NA,NA,NA
SMS,6/6/22,Jun,2022,Sarah Grossman,Y,21:00:00,5:00:00,2,16,O,Fresh,N,0,1,1
SMS,6/8/22,Jun,2022,Volunteer,Y,21:00:00,5:00:00,2,16,O,Fresh,N,1,0,1
SMS,6/10/22,Jun,2022,Volunteer,Y,21:00:00,5:00:00,2,16,NA,Fresh,N,0,0,0
SMS,6/11/22,Jun,2022,Volunteer,Y,21:00:00,5:00:00,1,8,NA,Fresh,N,0,0,0
SMS,6/13/22,Jun,2022,Sarah Grossman,Y,21:00:00,5:00:00,2,16,O,Fresh,N,245,0,245
SMS,6/15/22,Jun,2022,Volunteer,Y,21:00:00,5:00:00,2,16,O,Fresh,N,163,0,163
SMS,6/17/22,Jun,2022,Volunteer,Y,21:00:00,5:00:00,2,16,NA,Fresh,N,365,0,365
SMS,6/18/22,Jun,2022,Volunteer,Y,21:00:00,5:00:00,1,8,O,Fresh,N,30,0,30
SMS,6/20/22,Jun,2022,Sarah Grossman,Y,21:00:00,5:00:00,2,16,O,Fresh,N,29,1,30
SMS,6/22/22,Jun,2022,Volunteer,Y,21:00:00,5:00:00,2,16,S,Fresh,N,44,0,44
SMS,6/24/22,Jun,2022,Volunteer,Y,21:00:00,5:00:00,2,16,NA,Fresh,N,561,0,561
SMS,6/25/22,Jun,2022,Volunteer,Y,21:00:00,5:00:00,1,8,NA,Fresh,N,185,0,185
SMS,6/27/22,Jun,2022,Claire Cook,N,21:00:00,5:00:00,0,0,NA,Fresh,N,NA,NA,NA
SMS,6/29/22,Jun,2022,Volunteer,Y,21:00:00,5:30:00,2,17,O,Fresh,Y,2108,133,2241
SMS,7/1/22,Jul,2022,Volunteer,N,21:00:00,5:30:00,0,0,NA,Fresh,N,NA,NA,NA
SMS,7/2/22,Jul,2022,Volunteer,Y,21:00:00,5:30:00,1,8.5,PC,Fresh,N,67,0,67
SMS,7/4/22,Jul,2022,Sarah Grossman,Y,21:00:00,5:30:00,2,17,O,Fresh,N,162,11,173
SMS,7/6/22,Jul,2022,Volunteer,Y,21:00:00,5:30:00,2,17,S,Fresh,N,66,2,68
SMS,7/8/22,Jul,2022,Volunteer,Y,21:00:00,5:30:00,2,17,NA,Fresh,N,97,0,97
SMS,7/9/22,Jul,2022,Volunteer,Y,21:00:00,5:30:00,1,8.5,PC,Fresh,N,341,0,341
SMS,7/11/22,Jul,2022,Claire Cook,Y,21:00:00,5:30:00,2,17,S,Fresh,N,507,31,538
SMS,7/13/22,Jul,2022,Volunteer,Y,21:00:00,5:30:00,2,17,S,Fresh,Y,1974,23,1997
SMS,7/15/22,Jul,2022,Volunteer,Y,21:00:00,5:30:00,2,17,NA,Fresh,Y,2560,0,2560
SMS,7/16/22,Jul,2022,Volunteer,Y,21:00:00,5:30:00,1,8.5,O,Fresh,Y,1083,0,1083
SMS,7/18/22,Jul,2022,Claire Cook,N,21:00:00,5:30:00,0,0,NA,Fresh,N,NA,NA,NA
SMS,7/20/22,Jul,2022,Volunteer,Y,21:00:00,5:30:00,2,17,S,Fresh,N,177,7,184
SMS,7/22/22,Jul,2022,Volunteer,Y,21:00:00,5:30:00,2,17,NA,Fresh,N,111,0,111
SMS,7/23/22,Jul,2022,Claire Cook,N,21:00:00,5:30:00,0,0,NA,Fresh,N,NA,NA,NA
SMS,7/25/22,Jul,2022,Sarah Grossman,Y,21:00:00,5:30:00,2,17,S,Fresh,N,520,28,548
SMS,7/27/22,Jul,2022,Volunteer,Y,21:00:00,5:30:00,2,17,S,Fresh,N,158,9,167
SMS,7/29/22,Jul,2022,Volunteer,Y,21:00:00,5:30:00,2,17,NA,Fresh,N,364,0,364
SMS,7/30/22,Jul,2022,Volunteer,Y,21:00:00,5:30:00,1,8.5,S,Fresh,N,78,0,78
SMS,8/1/22,Aug,2022,Sarah Grossman,Y,21:00:00,5:30:00,2,17,S,Fresh,N,53,10,63
SMS,8/3/22,Aug,2022,Volunteer,Y,21:00:00,5:30:00,2,17,O,Fresh,N,147,244,391
SMS,8/5/22,Aug,2022,Volunteer,Y,21:00:00,5:30:00,2,17,NA,Fresh,N,29,0,29
SMS,8/6/22,Aug,2022,Volunteer,Y,21:00:00,5:30:00,1,8.5,S,Fresh,N,7,0,7
SMS,8/8/22,Aug,2022,Claire Cook,Y,21:00:00,5:30:00,2,17,S,Fresh,N,13,1,14
SMS,8/10/22,Aug,2022,Volunteer,Y,21:00:00,5:30:00,2,17,O,Fresh,N,48,17,65
SMS,8/12/22,Aug,2022,Volunteer,Y,21:00:00,5:30:00,2,17,NA,Fresh,N,32,0,32
SMS,8/13/22,Aug,2022,Volunteer,Y,21:00:00,5:30:00,1,8.5,O,Fresh,N,40,0,40
SMS,8/15/22,Aug,2022,Claire Cook,Y,21:00:00,5:30:00,2,17,S,Fresh,N,10,1,11
SMS,8/17/22,Aug,2022,Volunteer,N,21:00:00,5:30:00,0,0,NA,Fresh,N,NA,NA,NA
SMS,8/19/22,Aug,2022,Volunteer,Y,21:00:00,5:30:00,2,17,NA,Fresh,N,45,0,45
SMS,8/20/22,Aug,2022,Volunteer,Y,21:00:00,5:30:00,1,8.5,S,Fresh,N,20,0,20
SMS,8/22/22,Aug,2022,Sarah Grossman,Y,20:00:00,6:00:00,2,20,S,Fresh,N,68,4,72
SMS,8/24/22,Aug,2022,Volunteer,Y,20:00:00,6:30:00,2,21,O,Fresh,N,10,3,13
SMS,8/26/22,Aug,2022,Volunteer,Y,20:00:00,6:30:00,2,21,NA,Fresh,N,5,0,5
SMS,8/27/22,Aug,2022,Volunteer,Y,20:00:00,6:30:00,1,10.5,PC,Fresh,N,5,0,5
SMS,8/29/22,Aug,2022,Sarah Grossman,Y,20:00:00,6:30:00,2,21,S,Fresh,N,4,2,6
SMS,8/31/22,Aug,2022,Volunteer,Y,20:00:00,6:30:00,2,21,PC,Fresh,N,3,3,6
SMS,9/2/22,Sep,2022,Volunteer,Y,20:00:00,6:30:00,2,21,NA,Fresh,N,1,0,1
SMS,9/3/22,Sep,2022,Volunteer,Y,20:00:00,6:30:00,1,10.5,PC,Fresh,N,0,0,0
SMS,9/5/22,Sep,2022,Sarah Grossman,Y,20:00:00,6:30:00,2,21,S,Fresh,N,5,3,8
SMS,9/7/22,Sep,2022,Volunteer,Y,20:00:00,6:30:00,2,21,NA,Fresh,N,0,0,0
SMS,9/9/22,Sep,2022,Volunteer,Y,20:00:00,6:30:00,2,21,NA,Fresh,N,1,0,1
SMS,9/10/22,Sep,2022,Volunteer,Y,20:00:00,6:30:00,1,10.5,S,Fresh,N,3,1,4
SMS,9/12/22,Sep,2022,Sarah Grossman,Y,19:30:00,7:00:00,2,23,PC,Fresh,N,26,4,30
SMS,9/14/22,Sep,2022,Volunteer,Y,19:30:00,7:00:00,2,23,O,Fresh,N,2,1,3
SMS,9/16/22,Sep,2022,Volunteer,Y,19:30:00,7:00:00,2,23,O,Fresh,N,0,0,0
SMS,9/17/22,Sep,2022,Volunteer,N,19:30:00,7:00:00,0,0,NA,Fresh,N,NA,NA,NA
SMS,9/19/22,Sep,2022,Sarah Grossman,Y,19:30:00,7:00:00,2,23,S,Fresh,N,6,7,13
SMS,9/21/22,Sep,2022,Volunteer,Y,19:30:00,7:00:00,2,23,O,Fresh,N,0,1,1
SMS,9/23/22,Sep,2022,Volunteer,Y,19:30:00,7:00:00,2,23,NA,Fresh,N,0,0,0
SMS,9/24/22,Sep,2022,Volunteer,Y,19:00:00,7:00:00,1,12,S,Fresh,N,0,0,0
SMS,9/26/22,Sep,2022,Claire Cook,Y,19:00:00,7:00:00,2,24,O,Fresh,N,0,0,0
ZIT,4/17/22,Apr,2022,"S. Boldt, K. Boldt",Y,20:00:00,6:30:00,2,21,S,Fresh,N,0,0,0
ZIT,4/18/22,Apr,2022,M. Homerding,Y,20:00:00,6:30:00,1,10.5,R,Fresh,N,0,0,0
ZIT,4/20/22,Apr,2022,K. Houle,Y,20:00:00,6:00:00,2,20,R,Fresh,N,0,0,0
ZIT,4/22/22,Apr,2022,"A. Brownlee, GG,KS",Y,20:00:00,6:00:00,2,20,NA,Fresh,N,0,0,0
ZIT,4/24/22,Apr,2022,"S. Boldt, N. Rudolph, M. Thompson",Y,20:00:00,6:00:00,2,20,S,Fresh,N,0,0,0
ZIT,4/25/22,Apr,2022,M. Homerding,Y,20:00:00,6:00:00,1,10,PC,Fresh,N,0,0,0
ZIT,4/27/22,Apr,2022,K. Houle,Y,20:30:00,6:00:00,2,19,PC,Fresh,N,0,0,0
ZIT,4/29/22,Apr,2022,"A. Brownlee, K.R.",Y,20:30:00,6:00:00,2,19,NA,Fresh,N,0,0,0
ZIT,4/30/22,Apr,2022,"S. BOLDT, D.ROBERSON",Y,20:30:00,6:00:00,1,9.5,PC,Fresh,N,0,0,0
ZIT,5/2/22,May,2022,M. Homerding,Y,20:30:00,6:00:00,2,19,NA,Fresh,N,0,0,0
ZIT,5/4/22,May,2022,K. Houle,Y,20:30:00,6:00:00,2,19,S,Fresh,N,0,0,0
ZIT,5/6/22,May,2022,"A. Brownlee, C. J.",Y,20:30:00,6:00:00,2,19,R,Fresh,N,0,0,0
ZIT,5/7/22,May,2022,S. Boldt,Y,20:30:00,6:00:00,1,9.5,PC,Fresh,N,0,0,0
ZIT,5/9/22,May,2022,M. Homerding,Y,20:30:00,6:00:00,2,19,S,Fresh,N,0,0,0
ZIT,5/11/22,May,2022,"K. Houle, Logan",Y,20:30:00,5:30:00,2,18,S,Fresh,N,0,0,0
ZIT,5/13/22,May,2022,"A. Brownlee, C. J.",Y,20:30:00,5:30:00,2,18,S,Fresh,N,0,0,0
ZIT,5/14/22,May,2022,"S. Bodlt, K. Boldt",Y,20:30:00,5:30:00,1,9,NA,Fresh,N,0,0,0
ZIT,5/16/22,May,2022,M. Homerding,Y,20:30:00,5:30:00,2,18,PC,Fresh,N,0,0,0
ZIT,5/18/22,May,2022,K. Houle,Y,21:00:00,5:30:00,2,17,NA,Fresh,N,0,0,0
ZIT,5/20/22,May,2022,"A. Brownlee, K.R.",Y,21:00:00,5:30:00,2,17,S,Fresh,N,0,0,0
ZIT,5/22/22,May,2022,"S. Boldt, K. Boldt",Y,21:00:00,5:30:00,2,17,S,Fresh,N,0,0,0
ZIT,5/23/22,May,2022,M. Homerding,Y,21:00:00,5:30:00,1,8.5,NA,Fresh,N,0,0,0
ZIT,5/25/22,May,2022,"K. Houle, Yyvonne Oberly",Y,21:00:00,5:30:00,2,17,NA,Fresh,N,0,0,0
ZIT,5/27/22,May,2022,"A. Brownlee, C. Jendray",N,21:00:00,5:30:00,0,0,NA,Fresh,N,0,0,0
ZIT,5/28/22,May,2022,"S. Boldt, M. Thompson",Y,21:00:00,5:30:00,1,8.5,R,Fresh,N,1,0,1
ZIT,5/30/22,May,2022,M. Homerding,Y,21:00:00,5:30:00,2,17,S,Fresh,N,0,0,0
ZIT,6/1/22,Jun,2022,K. Houle,Y,21:00:00,5:00:00,2,16,S,Fresh,N,0,0,0
ZIT,6/3/22,Jun,2022,"A. Brownlee, B.B.",Y,21:00:00,5:00:00,2,16,PC,Fresh,N,0,0,0
ZIT,6/5/22,Jun,2022,"S. Boldt, M Thompson, J. Townsend",Y,21:00:00,5:00:00,2,16,S,Fresh,N,0,0,0
ZIT,6/6/22,Jun,2022,M.Homerding,Y,21:00:00,5:00:00,1,8,PC,Fresh,N,0,0,0
ZIT,6/8/22,Jun,2022,K. Houle,Y,21:00:00,5:00:00,2,16,S,Fresh,N,0,0,0
ZIT,6/10/22,Jun,2022,A. Brownlee,Y,21:00:00,5:00:00,2,16,S,Fresh,N,0,0,0
ZIT,6/11/22,Jun,2022,S. Boldt,Y,21:00:00,5:00:00,1,8,PC,Fresh,N,0,0,0
ZIT,6/13/22,Jun,2022,M. Homerding,Y,21:00:00,5:00:00,2,16,NA,Fresh,N,1,0,1
ZIT,6/15/22,Jun,2022,"S. Boldt, C. Boldt",Y,21:00:00,5:00:00,2,16,NA,Fresh,N,0,0,0
ZIT,6/17/22,Jun,2022,A. Brownlee,Y,21:00:00,5:00:00,2,16,NA,Fresh,N,0,0,0
ZIT,6/18/22,Jun,2022,S. Boldt,Y,21:00:00,5:00:00,1,8,NA,Fresh,N,2,0,2
ZIT,6/20/22,Jun,2022,M. Homerding,Y,21:00:00,5:00:00,2,16,S,Fresh,N,1,0,1
ZIT,6/22/22,Jun,2022,S. Boldt,Y,21:00:00,5:00:00,2,16,NA,Fresh,N,0,0,0
ZIT,6/24/22,Jun,2022,E. Stehr,Y,21:00:00,5:00:00,2,16,S,Fresh,N,0,0,0
ZIT,6/26/22,Jun,2022,"S. Boldt, J. Townsend",Y,21:00:00,5:00:00,2,16,S,Fresh,N,2,0,2
ZIT,6/27/22,Jun,2022,M. Homerding,N,21:00:00,5:00:00,0,0,S,Fresh,N,0,0,0
ZIT,6/29/22,Jun,2022,Y. Shevalier,Y,21:00:00,5:30:00,2,17,NA,Fresh,N,1,0,1
ZIT,7/1/22,Jul,2022,"A. Brownlee, A. Newman",Y,21:00:00,5:30:00,2,17,NA,Fresh,N,0,0,0
ZIT,7/3/22,Jul,2022,K. Houle,Y,21:00:00,5:30:00,2,17,NA,Fresh,N,0,0,0
ZIT,7/4/22,Jul,2022,M. Homerding,Y,21:00:00,5:30:00,1,8.5,S,Fresh,N,0,0,0
ZIT,7/6/22,Jul,2022,K. Houle,Y,21:00:00,5:30:00,2,17,NA,Fresh,N,1,0,1
ZIT,7/8/22,Jul,2022,"a. Brownlee, Bobbi B.",Y,21:00:00,5:30:00,2,17,S,Fresh,N,3,0,3
ZIT,7/10/22,Jul,2022,M. Homerding,Y,21:00:00,5:30:00,2,17,S,Fresh,N,0,0,0
ZIT,7/11/22,Jul,2022,M. Homerding,Y,21:00:00,5:30:00,1,8.5,S,Fresh,N,1,0,1
ZIT,7/13/22,Jul,2022,"Y. Shevalier, K. Shevalier",Y,21:00:00,5:30:00,2,17,NA,Fresh,N,0,0,0
ZIT,7/15/22,Jul,2022,"Y. Shevalier, K. Shevalier",Y,21:00:00,5:30:00,2,17,S,Fresh,N,0,0,0
ZIT,7/16/22,Jul,2022,"S. Boldt, J. Townsend",Y,21:00:00,5:30:00,1,8.5,PC,Fresh,N,0,0,0
ZIT,7/18/22,Jul,2022,M. Homerding,Y,21:00:00,5:30:00,2,17,PC,Fresh,N,3,0,3
ZIT,7/20/22,Jul,2022,K. houle,Y,21:00:00,5:30:00,2,17,S,Fresh,N,0,0,0
ZIT,7/22/22,Jul,2022,"A. Brownlee, Kylie",Y,21:00:00,5:30:00,2,17,NA,Fresh,N,1,0,1
ZIT,7/24/22,Jul,2022,"M. Thompson, S. Bodlt",Y,21:00:00,5:30:00,2,17,S,Fresh,N,0,0,0
ZIT,7/25/22,Jul,2022,M. Homerding,Y,21:00:00,5:30:00,1,8.5,S,Fresh,N,0,0,0
ZIT,7/27/22,Jul,2022,"Y. Shevalier, K. Shevalier",Y,21:00:00,5:30:00,2,17,S,Fresh,N,0,0,0
ZIT,7/29/22,Jul,2022,"C. Jendrey, B. Bokheim",Y,21:00:00,5:30:00,2,17,S,Fresh,N,0,0,0
ZIT,7/30/22,Jul,2022,"S. Boldt, J. Townsend",Y,21:00:00,5:30:00,1,8.5,S,Fresh,N,0,0,0
ZIT,8/1/22,Aug,2022,M. Homerding,N,21:00:00,5:30:00,0,0,S,Fresh,N,0,0,0
ZIT,8/3/22,Aug,2022,K. Houle,Y,20:30:00,6:00:00,2,19,S,Fresh,N,1,0,1
ZIT,8/5/22,Aug,2022,"A. Brownlee, T.G.",Y,20:30:00,6:00:00,2,19,S,Fresh,N,0,0,0
ZIT,8/7/22,Aug,2022,"S. Boldt, J. Townsend",Y,20:30:00,6:00:00,2,19,S,Fresh,N,1,0,1
ZIT,8/8/22,Aug,2022,M. Homerding,Y,20:30:00,6:00:00,1,9.5,S,Fresh,N,0,0,0
ZIT,8/10/22,Aug,2022,K. Houle,Y,20:30:00,6:00:00,2,19,NA,Fresh,N,0,0,0
ZIT,8/12/22,Aug,2022,"A. Brownlee, A. Newman",Y,20:30:00,6:00:00,2,19,S,Fresh,N,0,0,0
ZIT,8/13/22,Aug,2022,"S. Boldt, B. Ryken",Y,20:30:00,6:00:00,1,9.5,NA,Fresh,N,0,0,0
ZIT,8/15/22,Aug,2022,M. Homerding,Y,20:30:00,6:00:00,2,19,S,Fresh,N,0,0,0
ZIT,8/17/22,Aug,2022,K. Houle,Y,20:00:00,6:00:00,2,20,S,Fresh,N,0,0,0
ZIT,8/19/22,Aug,2022,"A. Brownlee, B.B.",Y,20:00:00,6:00:00,2,20,NA,Fresh,N,0,0,0
ZIT,8/20/22,Aug,2022,"S. Boldt, M Thompson",Y,20:00:00,6:00:00,1,10,NA,Fresh,N,0,0,0
ZIT,8/22/22,Aug,2022,M. Homerding,Y,20:00:00,6:00:00,2,20,S,Fresh,N,0,0,0
ZIT,8/24/22,Aug,2022,A. Brownlee,Y,20:00:00,6:30:00,2,21,S,Fresh,N,0,0,0
ZIT,8/26/22,Aug,2022,"A. Brownlee, E. Stehr",Y,20:00:00,6:30:00,2,21,NA,Fresh,N,0,0,0
ZIT,8/28/22,Aug,2022,"S. Boldt, J. Townsend",Y,20:00:00,6:30:00,2,21,S,Fresh,N,0,0,0
ZIT,8/29/22,Aug,2022,M. Homerding,Y,20:00:00,6:30:00,1,10.5,S,Fresh,N,0,0,0
ZIT,8/31/22,Aug,2022,M. Homerding,Y,20:00:00,6:30:00,2,21,S,Fresh,N,0,0,0
COR,4/10/23,Apr,2023,Sarah Grossman,Y,20:00:00,6:30:00,2,21,NA,NA,N,0,0,0
COR,4/12/23,Apr,2023,Sarah Grossman,N,20:00:00,6:30:00,0,0,NA,NA,NA,NA,NA,NA
COR,4/13/23,Apr,2023,Lindy Hunter,Y,20:00:00,6:30:00,1,10.5,NA,NA,N,0,0,0
COR,4/15/23,Apr,2023,Sarah Grossman,Y,20:00:00,6:30:00,2,21,NA,NA,N,0,0,0
COR,4/17/23,Apr,2023,Sarah Grossman,Y,20:00:00,6:30:00,2,21,NA,NA,N,0,0,0
COR,4/19/23,Apr,2023,Sarah Grossman,Y,20:00:00,6:30:00,2,21,NA,NA,N,0,0,0
COR,4/20/23,Apr,2023,Claire Cook,Y,20:00:00,6:30:00,1,10.5,NA,NA,N,0,0,0
COR,4/22/23,Apr,2023,Tom Flanagan,Y,20:00:00,6:30:00,2,21,NA,NA,N,0,0,0
COR,4/24/23,Apr,2023,Sarah Grossman,Y,20:00:00,6:30:00,2,21,NA,NA,N,0,0,0
COR,4/26/23,Apr,2023,Claire Cook,Y,20:00:00,6:00:00,2,20,NA,NA,N,1,0,1
COR,4/27/23,Apr,2023,Lindy Hunter,Y,20:00:00,6:00:00,1,10,NA,NA,N,0,0,0
COR,4/29/23,Apr,2023,Tracy Braun,Y,20:00:00,6:00:00,2,20,NA,NA,N,3,1,4
COR,5/1/23,May,2023,Sarah Grossman,N,20:00:00,6:00:00,0,0,NA,NA,NA,NA,NA,NA
COR,5/2/23,May,2023,Sarah Grossman,Y,20:00:00,6:00:00,1,10,NA,NA,N,63,0,63
COR,5/4/23,May,2023,Claire Cook,Y,20:00:00,6:00:00,2,20,NA,NA,N,77,3,80
COR,5/6/23,May,2023,Tracy Braun,Y,20:00:00,6:00:00,2,20,NA,NA,N,30,0,30
COR,5/8/23,May,2023,Claire Cook,Y,20:00:00,6:00:00,1,10,NA,NA,N,4,0,4
COR,5/10/23,May,2023,Sarah Grossman,Y,20:30:00,6:00:00,2,19,NA,NA,N,6,0,6
COR,5/11/23,May,2023,Lindy Hunter,Y,20:30:00,6:00:00,1,9.5,NA,NA,N,3,0,3
COR,5/13/23,May,2023,Tom Flanagan,Y,20:30:00,6:00:00,2,19,NA,NA,N,9,0,9
COR,5/15/23,May,2023,Sarah Grossman,Y,20:30:00,6:00:00,2,19,NA,NA,N,18,0,18
COR,5/16/23,May,2023,Sarah Grossman,Y,20:30:00,5:30:00,1,9,NA,NA,N,6,0,6
COR,5/18/23,May,2023,Claire Cook,Y,20:30:00,5:30:00,2,18,NA,NA,N,5,0,5
COR,5/20/23,May,2023,Tom Flanagan,Y,20:30:00,5:30:00,2,18,NA,NA,N,3,0,3
COR,5/22/23,May,2023,Claire Cook,Y,20:30:00,5:30:00,2,18,NA,NA,N,1,0,1
COR,5/24/23,May,2023,Claire Cook,Y,20:30:00,5:30:00,2,18,NA,NA,N,1,0,1
COR,5/25/23,May,2023,Lindy Hunter,Y,20:30:00,5:30:00,1,9,NA,NA,N,0,0,0
COR,5/27/23,May,2023,Tom Flanagan,Y,20:30:00,5:30:00,2,18,NA,NA,N,0,0,0
COR,5/29/23,May,2023,Sarah Grossman,Y,20:30:00,5:30:00,2,18,NA,NA,N,2,0,2
COR,5/31/23,May,2023,Sarah Grossman,Y,21:00:00,5:30:00,2,17,NA,NA,N,4,2,6
COR,6/1/23,Jun,2023,Lindy Hunter,Y,21:00:00,5:30:00,1,8.5,NA,NA,N,0,0,0
COR,6/3/23,Jun,2023,Tom Flanagan,Y,21:00:00,5:30:00,2,17,NA,NA,N,0,2,2
COR,6/5/23,Jun,2023,Claire Cook,Y,21:00:00,5:30:00,2,17,NA,NA,N,3,0,3
COR,6/6/23,Jun,2023,Claire Cook,Y,21:00:00,5:00:00,1,8,NA,NA,N,2,0,2
COR,6/8/23,Jun,2023,Sarah Grossman,Y,21:00:00,5:00:00,2,16,NA,NA,N,4,0,4
COR,6/10/23,Jun,2023,Tom Flanagan,Y,21:00:00,5:00:00,2,16,NA,NA,N,3,0,3
COR,6/12/23,Jun,2023,Sarah Grossman,Y,21:00:00,5:00:00,2,16,NA,NA,N,239,0,239
COR,6/14/23,Jun,2023,Sarah Grossman,Y,21:00:00,5:00:00,2,16,NA,NA,N,852,0,852
COR,6/15/23,Jun,2023,Lindy Hunter,Y,21:00:00,5:00:00,1,8,NA,NA,N,362,0,362
COR,6/17/23,Jun,2023,Tracy Braun,Y,21:00:00,5:00:00,2,16,NA,NA,N,287,0,287
COR,6/19/23,Jun,2023,Claire Cook,Y,21:00:00,5:00:00,2,16,NA,NA,N,950,1,951
COR,6/21/23,Jun,2023,Lindy Hunter,Y,21:00:00,5:00:00,2,16,NA,NA,N,549,3,552
COR,6/22/23,Jun,2023,Claire Cook,Y,21:00:00,5:00:00,1,8,NA,NA,Y,1196,0,1196
COR,6/24/23,Jun,2023,Tracy Braun,Y,21:00:00,5:00:00,2,16,NA,NA,N,721,0,721
COR,6/26/23,Jun,2023,Sarah Grossman,Y,21:00:00,5:00:00,2,16,NA,NA,Y,1962,0,1962
COR,6/28/23,Jun,2023,Sarah Grossman,Y,21:00:00,5:30:00,2,17,NA,NA,Y,4280,0,4280
COR,6/29/23,Jun,2023,Lindy Hunter,Y,21:00:00,5:30:00,1,8.5,NA,NA,Y,1926,0,1926
COR,7/1/23,Jul,2023,Tracy Braun,Y,21:00:00,5:30:00,2,17,NA,NA,Y,1749,0,1749
COR,7/3/23,Jul,2023,Sarah Grossman,Y,21:00:00,5:30:00,2,17,NA,NA,Y,1952,20,1972
COR,7/5/23,Jul,2023,Claire Cook,Y,21:00:00,5:30:00,2,17,NA,NA,Y,3984,2,3986
COR,7/6/23,Jul,2023,Lindy Hunter,Y,21:00:00,5:30:00,1,8.5,NA,NA,N,38,0,38
COR,7/8/23,Jul,2023,Tom Flanagan,Y,21:00:00,5:30:00,2,17,NA,NA,N,820,0,820
COR,7/10/23,Jul,2023,Sarah Grossman,Y,21:00:00,5:30:00,2,17,NA,NA,Y,1560,20,1580
COR,7/12/23,Jul,2023,Sarah Grossman,Y,21:00:00,5:30:00,2,17,NA,NA,N,759,8,767
COR,7/13/23,Jul,2023,Lindy Hunter,Y,21:00:00,5:30:00,1,8.5,NA,NA,N,292,0,292
COR,7/15/23,Jul,2023,Volunteer,Y,21:00:00,5:30:00,2,17,NA,NA,N,250,0,250
COR,7/17/23,Jul,2023,Sarah Grossman,Y,21:00:00,5:30:00,2,17,NA,NA,N,799,17,816
COR,7/19/23,Jul,2023,Sarah Grossman,Y,21:00:00,5:30:00,2,17,NA,NA,N,241,1,242
COR,7/20/23,Jul,2023,Lindy Hunter,Y,21:00:00,5:30:00,1,8.5,NA,NA,N,53,0,53
COR,7/22/23,Jul,2023,Tom Flanagan,Y,21:00:00,5:30:00,2,17,NA,NA,N,32,0,32
COR,7/24/23,Jul,2023,Sarah Grossman,Y,21:00:00,5:30:00,2,17,NA,NA,N,42,0,42
COR,7/26/23,Jul,2023,Sarah Grossman,Y,20:30:00,5:30:00,2,18,NA,NA,N,2,0,2
COR,7/27/23,Jul,2023,Lindy Hunter,Y,20:30:00,5:30:00,1,9,NA,NA,N,1,0,1
COR,7/29/23,Jul,2023,Tom Flanagan,Y,20:30:00,5:30:00,2,18,NA,NA,N,3,0,3
COR,7/31/23,Jul,2023,Sarah Grossman,Y,20:30:00,5:30:00,2,18,NA,NA,N,2,1,3
COR,8/2/23,Aug,2023,Sarah Grossman,Y,20:30:00,5:30:00,2,18,NA,NA,N,5,0,5
COR,8/3/23,Aug,2023,Lindy Hunter,Y,20:30:00,5:30:00,1,9,NA,NA,N,2,0,2
COR,8/5/23,Aug,2023,Tom Flanagan,Y,20:30:00,5:30:00,2,18,NA,NA,N,1,0,1
COR,8/7/23,Aug,2023,Sarah Grossman,Y,20:30:00,5:30:00,2,18,NA,NA,N,2,1,3
COR,8/9/23,Aug,2023,Claire Cook,Y,20:30:00,6:00:00,2,19,NA,NA,N,2,0,2
COR,8/10/23,Aug,2023,Lindy Hunter,Y,20:30:00,6:00:00,1,9.5,NA,NA,N,1,0,1
COR,8/12/23,Aug,2023,Tom Flanagan,Y,20:30:00,6:00:00,2,19,NA,NA,N,0,0,0
COR,8/14/23,Aug,2023,Claire Cook,Y,20:30:00,6:00:00,2,19,NA,NA,N,1,0,1
COR,8/16/23,Aug,2023,Sarah Grossman,Y,20:30:00,6:00:00,2,19,NA,NA,N,0,0,0
COR,8/17/23,Aug,2023,Lindy Hunter,Y,20:00:00,6:00:00,1,10,NA,NA,N,0,0,0
COR,8/19/23,Aug,2023,Tom Flanagan,Y,20:00:00,6:00:00,2,20,NA,NA,N,1,0,1
COR,8/21/23,Aug,2023,Claire Cook,Y,20:00:00,6:00:00,2,20,NA,NA,N,1,0,1
COR,8/23/23,Aug,2023,Claire Cook,Y,20:00:00,6:30:00,2,21,NA,NA,N,0,0,0
COR,8/24/23,Aug,2023,Claire Cook,Y,20:00:00,6:30:00,1,10.5,NA,NA,N,0,0,0
COR,8/26/23,Aug,2023,Tom Flanagan,Y,20:00:00,6:30:00,2,21,NA,NA,N,0,0,0
COR,8/28/23,Aug,2023,Sarah Grossman,Y,20:00:00,6:30:00,2,21,NA,NA,N,2,0,2
COR,8/30/23,Aug,2023,Claire Cook,Y,19:30:00,6:30:00,2,22,NA,NA,N,0,0,0
COR,8/31/23,Aug,2023,Lindy Hunter,Y,19:30:00,6:30:00,1,11,NA,NA,N,0,0,0
COR,9/2/23,Sep,2023,Tom Flanagan,Y,19:30:00,6:30:00,2,22,NA,NA,N,0,0,0
COR,9/4/23,Sep,2023,Sarah Grossman,Y,19:30:00,6:30:00,2,22,NA,NA,N,1,0,1
COR,9/6/23,Sep,2023,Sarah Grossman,Y,19:30:00,6:30:00,2,22,NA,NA,N,0,0,0
COR,9/7/23,Sep,2023,Claire Cook,Y,19:30:00,6:30:00,1,11,NA,NA,N,0,0,0
COR,9/9/23,Sep,2023,Tom Flanagan,Y,19:30:00,6:30:00,2,22,NA,NA,N,0,0,0
COR,9/11/23,Sep,2023,Claire Cook,Y,19:30:00,6:30:00,2,22,NA,NA,N,0,0,0
COR,9/12/23,Sep,2023,Sarah Grossman,Y,19:30:00,7:00:00,1,11.5,NA,NA,N,0,0,0
COR,9/14/23,Sep,2023,Claire Cook,Y,19:30:00,7:00:00,2,23,NA,NA,N,0,0,0
COR,9/16/23,Sep,2023,Tom Flanagan,Y,19:30:00,7:00:00,2,23,NA,NA,N,0,0,0
COR,9/18/23,Sep,2023,Claire Cook,Y,19:30:00,7:00:00,2,23,NA,NA,N,0,0,0
FHL,5/3/23,May,2023,Sarah Grossman,N,20:00:00,6:00:00,0,0,NA,NA,NA,NA,NA,NA
FHL,5/17/23,May,2023,Sarah Grossman,Y,20:00:00,6:00:00,2,20,NA,NA,N,0,0,0
FHL,5/31/23,May,2023,Sarah Grossman,Y,21:00:00,5:30:00,1,8.5,NA,NA,N,0,0,0
FHL,6/14/23,Jun,2023,Sarah Grossman,Y,21:00:00,5:00:00,2,16,NA,NA,N,275,0,275
FHL,6/28/23,Jun,2023,Sarah Grossman,Y,21:00:00,5:00:00,2,16,NA,NA,N,99,0,99
FHL,7/12/23,Jul,2023,Sarah Grossman,Y,21:00:00,5:30:00,2,17,NA,NA,N,167,0,167
FHL,7/26/23,Jul,2023,Sarah Grossman,Y,21:00:00,5:30:00,2,17,NA,NA,N,44,1,45
FHL,8/9/23,Aug,2023,Sarah Grossman,Y,21:00:00,5:30:00,2,17,NA,NA,N,32,0,32
FHL,8/23/23,Aug,2023,Claire Cook,Y,20:30:00,6:00:00,2,19,NA,NA,N,8,0,8
GAD,4/15/23,Apr,2023,"BP, SL",Y,20:00:00,6:30:00,1,10.5,NA,NA,N,0,0,0
GAD,4/17/23,Apr,2023,BP,Y,20:00:00,6:30:00,2,21,NA,NA,N,0,0,0
GAD,4/19/23,Apr,2023,BP,Y,20:00:00,6:30:00,2,21,NA,NA,N,0,0,0
GAD,4/21/23,Apr,2023,BP,Y,20:00:00,6:30:00,2,21,NA,NA,N,0,0,0
GAD,4/22/23,Apr,2023,SM,Y,20:00:00,6:30:00,1,10.5,NA,NA,N,0,0,0
GAD,4/24/23,Apr,2023,BP,Y,20:00:00,6:30:00,2,21,NA,NA,N,0,0,0
GAD,4/25/23,Apr,2023,KC,Y,20:00:00,6:00:00,1,10,NA,NA,N,0,0,0
GAD,4/27/23,Apr,2023,BP,Y,20:00:00,6:00:00,2,20,NA,NA,N,0,0,0
GAD,4/28/23,Apr,2023,AP,Y,20:00:00,6:00:00,1,10,NA,NA,N,0,0,0
GAD,4/29/23,Apr,2023,SM,Y,20:00:00,6:00:00,1,10,NA,NA,N,0,0,0
GAD,5/1/23,May,2023,BP,Y,20:00:00,6:00:00,2,20,NA,NA,N,0,0,0
GAD,5/3/23,May,2023,"BP, KC, AP",Y,20:00:00,6:00:00,2,20,NA,NA,N,0,0,0
GAD,5/4/23,May,2023,AP,Y,20:00:00,6:00:00,1,10,NA,NA,N,0,0,0
GAD,5/5/23,May,2023,BP,Y,20:00:00,6:00:00,1,10,NA,NA,N,0,0,0
GAD,5/7/23,May,2023,SM,Y,20:00:00,6:00:00,2,20,NA,NA,N,0,0,0
GAD,5/8/23,May,2023,"BP, AP",Y,20:00:00,6:00:00,1,10,NA,NA,N,0,0,0
GAD,5/10/23,May,2023,BP,Y,20:30:00,6:00:00,2,19,NA,NA,N,0,0,0
GAD,5/11/23,May,2023,BP,Y,20:30:00,6:00:00,1,9.5,NA,NA,N,0,0,0
GAD,5/12/23,May,2023,"BP, AP",Y,20:30:00,6:00:00,1,9.5,NA,NA,N,0,0,0
GAD,5/14/23,May,2023,SM,Y,20:30:00,6:00:00,2,19,NA,NA,N,0,0,0
GAD,5/16/23,May,2023,"KC, AP",N,20:30:00,6:00:00,0,0,NA,NA,N,0,0,0
GAD,5/20/23,May,2023,SM,Y,20:30:00,5:30:00,4,36,NA,NA,N,1,0,1
GAD,5/21/23,May,2023,AP,Y,20:30:00,5:30:00,1,9,NA,NA,N,3,0,3
GAD,5/23/23,May,2023,AP,Y,20:30:00,5:30:00,2,18,NA,NA,N,1,0,1
GAD,5/24/23,May,2023,BP,Y,20:30:00,5:30:00,1,9,NA,NA,N,0,0,0
GAD,5/25/23,May,2023,BP,Y,20:30:00,5:30:00,1,9,NA,NA,N,0,0,0
GAD,5/27/23,May,2023,SM,Y,20:30:00,5:30:00,2,18,NA,NA,N,0,0,0
GAD,5/29/23,May,2023,SM,Y,20:30:00,5:30:00,2,18,NA,NA,N,1,0,1
GAD,5/30/23,May,2023,"KC, AP",Y,21:00:00,5:30:00,1,8.5,NA,NA,N,0,0,0
GAD,6/1/23,Jun,2023,BP,Y,21:00:00,5:30:00,2,17,NA,NA,N,0,0,0
GAD,6/2/23,Jun,2023,BP,Y,21:00:00,5:30:00,1,8.5,NA,NA,N,0,0,0
GAD,6/4/23,Jun,2023,SM,Y,21:00:00,5:30:00,2,17,NA,NA,N,0,0,0
GAD,6/6/23,Jun,2023,"BP, AP",Y,21:00:00,5:30:00,2,17,NA,NA,N,0,0,0
GAD,6/8/23,Jun,2023,"BP, AP",Y,21:00:00,5:00:00,2,16,NA,NA,N,0,0,0
GAD,6/9/23,Jun,2023,BP,Y,21:00:00,5:00:00,1,8,NA,NA,N,0,0,0
GAD,6/11/23,Jun,2023,SM,Y,21:00:00,5:00:00,2,16,NA,NA,N,0,0,0
GAD,6/12/23,Jun,2023,"KC, AP",Y,21:00:00,5:00:00,1,8,NA,NA,N,0,0,0
GAD,6/13/23,Jun,2023,BP,Y,21:00:00,5:00:00,1,8,NA,NA,N,2,0,2
GAD,6/15/23,Jun,2023,BP,Y,21:00:00,5:00:00,2,16,NA,NA,N,4,0,4
GAD,6/16/23,Jun,2023,"BP, KC",Y,21:00:00,5:00:00,1,8,NA,NA,N,0,0,0
GAD,6/18/23,Jun,2023,SM,Y,21:00:00,5:00:00,2,16,NA,NA,N,1,0,1
GAD,6/19/23,Jun,2023,KC,Y,21:00:00,5:00:00,1,8,NA,NA,N,0,0,0
GAD,6/21/23,Jun,2023,"BP, KC, AP",Y,21:00:00,5:00:00,2,16,NA,NA,N,0,0,0
GAD,6/23/23,Jun,2023,BP,Y,21:00:00,5:00:00,2,16,NA,NA,N,1,0,1
GAD,6/25/23,Jun,2023,SM,Y,21:00:00,5:00:00,2,16,NA,NA,N,0,0,0
GAD,6/26/23,Jun,2023,BP,Y,21:00:00,5:00:00,1,8,NA,NA,N,1,0,1
GAD,6/28/23,Jun,2023,"BP, KC, AP",Y,21:00:00,5:30:00,2,17,NA,NA,N,0,0,0
GAD,6/30/23,Jun,2023,BP,Y,21:00:00,5:30:00,2,17,NA,NA,N,0,0,0
GAD,7/2/23,Jul,2023,SM,Y,21:00:00,5:30:00,2,17,NA,NA,N,0,0,0
GAD,7/5/23,Jul,2023,"AP, KC",Y,21:00:00,5:30:00,3,25.5,NA,NA,N,0,0,0
GAD,7/8/23,Jul,2023,AP,Y,21:00:00,5:30:00,3,25.5,NA,NA,N,1,0,1
GAD,7/11/23,Jul,2023,BP,Y,21:00:00,5:30:00,3,25.5,NA,NA,N,1,0,1
GAD,7/13/23,Jul,2023,"BP, KC, Jeff",Y,21:00:00,5:30:00,2,17,NA,NA,N,0,0,0
GAD,7/14/23,Jul,2023,"BP, KC, Jeff",Y,21:00:00,5:30:00,1,8.5,NA,NA,N,0,0,0
GAD,7/15/23,Jul,2023,SM,Y,21:00:00,5:30:00,1,8.5,NA,NA,N,0,0,0
GAD,7/17/23,Jul,2023,BP,Y,21:00:00,5:30:00,2,17,NA,NA,N,0,0,0
GAD,7/19/23,Jul,2023,BP,Y,21:00:00,5:30:00,2,17,NA,NA,N,0,0,0
GAD,7/21/23,Jul,2023,BP,Y,21:00:00,5:30:00,2,17,NA,NA,N,0,0,0
GAD,7/22/23,Jul,2023,AP,Y,21:00:00,5:30:00,1,8.5,NA,NA,N,0,0,0
GAD,7/26/23,Jul,2023,BP,Y,20:30:00,6:00:00,4,38,NA,NA,N,0,0,0
GAD,7/28/23,Jul,2023,BP,Y,20:30:00,6:00:00,2,19,NA,NA,N,0,0,0
GAD,7/30/23,Jul,2023,SM,Y,20:30:00,6:00:00,2,19,NA,NA,N,0,0,0
GAD,7/31/23,Jul,2023,"BP, AP",Y,20:30:00,6:00:00,1,9.5,NA,NA,N,0,0,0
GAD,8/2/23,Aug,2023,BP,Y,20:30:00,6:00:00,2,19,NA,NA,N,0,0,0
GAD,8/4/23,Aug,2023,BP,Y,20:30:00,6:00:00,2,19,NA,NA,N,0,0,0
GAD,8/7/23,Aug,2023,AP,Y,20:30:00,6:00:00,3,28.5,NA,NA,N,0,0,0
GAD,8/9/23,Aug,2023,AP,Y,20:30:00,6:00:00,2,19,NA,NA,N,0,0,0
GAD,8/11/23,Aug,2023,AP,Y,20:30:00,6:00:00,2,19,NA,NA,N,0,0,0
GAD,8/14/23,Aug,2023,BP,Y,20:30:00,6:00:00,3,28.5,NA,NA,N,0,0,0
GAD,8/16/23,Aug,2023,BP,Y,20:00:00,6:00:00,2,20,NA,NA,N,0,0,0
GAD,8/18/23,Aug,2023,AP,Y,20:00:00,6:00:00,2,20,NA,NA,N,0,0,0
GAD,8/20/23,Aug,2023,SM,Y,20:00:00,6:00:00,2,20,NA,NA,N,0,0,0
GAD,8/21/23,Aug,2023,BP,Y,20:00:00,6:00:00,1,10,NA,NA,N,1,0,1
GAD,8/23/23,Aug,2023,BP,Y,20:00:00,6:30:00,2,21,NA,NA,N,0,0,0
GAD,8/25/23,Aug,2023,BP,Y,20:00:00,6:30:00,2,21,NA,NA,N,0,0,0
GAD,8/27/23,Aug,2023,SM,Y,20:00:00,6:30:00,2,21,NA,NA,N,0,0,0
GAD,8/28/23,Aug,2023,BP,Y,20:00:00,6:30:00,1,10.5,NA,NA,N,0,0,0
GAD,8/30/23,Aug,2023,KC,Y,20:00:00,6:30:00,2,21,NA,NA,N,0,0,0
MST,4/18/23,Apr,2023,"AW, SK",Y,19:30:00,7:00:00,2,23,NA,NA,Y,0,0,0
MST,4/19/23,Apr,2023,"AW, SK, JL",Y,19:30:00,7:00:00,1,11.5,NA,NA,Y,0,0,0
MST,4/20/23,Apr,2023,"AW, RM",Y,19:30:00,7:00:00,1,11.5,NA,NA,Y,0,0,0
MST,4/22/23,Apr,2023,"TP, JL",Y,19:30:00,7:00:00,2,23,NA,NA,Y,0,0,0
MST,4/25/23,Apr,2023,"AW, SK",Y,20:00:00,6:00:00,2,20,NA,NA,Y,0,0,0
MST,4/26/23,Apr,2023,"SL, CFS",N,NA,NA,0,0,NA,NA,Y,NA,NA,NA
MST,4/27/23,Apr,2023,"AW, RLM",Y,20:00:00,6:00:00,1,10,NA,NA,Y,0,0,0
MST,4/29/23,Apr,2023,"JL, IT, MT",Y,20:00:00,6:00:00,2,20,NA,NA,Y,0,0,0
MST,5/2/23,May,2023,SK,Y,20:00:00,6:00:00,1,10,NA,NA,Y,0,0,0
MST,5/3/23,May,2023,JL,Y,20:00:00,6:00:00,1,10,NA,NA,Y,0,0,0
MST,5/4/23,May,2023,"AW, RLM",Y,20:00:00,6:00:00,1,10,NA,NA,Y,0,0,0
MST,5/6/23,May,2023,"JL, IT, MT",Y,20:00:00,6:00:00,2,20,NA,NA,Y,0,0,0
MST,5/9/23,May,2023,AW,Y,20:00:00,6:00:00,2,20,NA,NA,Y,0,0,0
MST,5/10/23,May,2023,"JL, AW",Y,20:30:00,6:00:00,1,9.5,NA,NA,Y,0,0,0
MST,5/11/23,May,2023,"AW, RLM",Y,20:30:00,6:00:00,1,9.5,NA,NA,Y,0,0,0
MST,5/13/23,May,2023,"TP, JL",Y,20:30:00,6:00:00,2,19,NA,NA,Y,0,0,0
MST,5/16/23,May,2023,"SK, AW",N,NA,NA,0,0,NA,NA,Y,0,0,0
MST,5/17/23,May,2023,JL,N,NA,NA,0,0,NA,NA,Y,0,0,0
MST,5/18/23,May,2023,AW,Y,20:30:00,5:30:00,1,9,NA,NA,Y,0,0,0
MST,5/20/23,May,2023,JL,N,NA,NA,0,0,NA,NA,Y,0,0,0
MST,5/23/23,May,2023,"AW, CSF, XS",Y,20:30:00,5:30:00,2,18,NA,NA,Y,0,0,0
MST,5/24/23,May,2023,JL,Y,20:30:00,5:30:00,1,9,NA,NA,N,0,0,0
MST,5/25/23,May,2023,"AW, RLM",Y,20:30:00,5:30:00,1,9,NA,NA,Y,0,0,0
MST,5/27/23,May,2023,"JL, ZLI",Y,20:30:00,5:30:00,2,18,NA,NA,Y,0,0,0
MST,5/30/23,May,2023,"ML, SK, XS",N,NA,NA,0,0,NA,NA,Y,0,0,0
MST,5/31/23,May,2023,JL,Y,21:00:00,5:30:00,1,8.5,NA,NA,Y,0,0,0
MST,6/1/23,Jun,2023,JL,Y,21:00:00,5:30:00,1,8.5,NA,NA,Y,0,0,0
MST,6/3/23,Jun,2023,"JL, TP, ITMT",Y,21:00:00,5:30:00,2,17,NA,NA,Y,0,0,0
MST,6/6/23,Jun,2023,AW,N,NA,NA,0,0,NA,NA,N,0,0,0
MST,6/7/23,Jun,2023,JL,Y,21:00:00,5:00:00,1,8,NA,NA,Y,0,0,0
MST,6/9/23,Jun,2023,AW,Y,21:00:00,5:00:00,2,16,NA,NA,Y,0,0,0
MST,6/10/23,Jun,2023,JL,Y,21:00:00,5:00:00,1,8,NA,NA,Y,0,0,0
MST,6/13/23,Jun,2023,AW,Y,21:00:00,5:00:00,2,16,NA,NA,Y,0,0,0
MST,6/14/23,Jun,2023,"JL, TP, MD",Y,21:00:00,5:00:00,1,8,NA,NA,Y,0,0,0
MST,6/16/23,Jun,2023,AW,Y,21:00:00,5:00:00,2,16,NA,NA,Y,0,0,0
MST,6/17/23,Jun,2023,"JL, TP",Y,21:00:00,5:00:00,1,8,NA,NA,Y,0,0,0
MST,6/20/23,Jun,2023,SK,Y,21:00:00,5:00:00,2,16,NA,NA,Y,0,0,0
MST,6/21/23,Jun,2023,"JL, CN",Y,21:00:00,5:00:00,1,8,NA,NA,Y,0,0,0
MST,6/22/23,Jun,2023,CN,Y,21:00:00,5:00:00,1,8,NA,NA,Y,0,0,0
MST,6/24/23,Jun,2023,JL,Y,21:00:00,5:00:00,2,16,NA,NA,Y,0,0,0
MST,6/26/23,Jun,2023,CN,Y,21:00:00,5:00:00,2,16,NA,NA,Y,0,0,0
MST,6/28/23,Jun,2023,"JL, CN",Y,21:00:00,5:00:00,2,16,NA,NA,Y,1,0,1
MST,6/29/23,Jun,2023,CN,Y,21:00:00,5:00:00,1,8,NA,NA,Y,0,0,0
MST,7/1/23,Jul,2023,"JL, TP, CN",Y,21:00:00,5:30:00,2,17,NA,NA,Y,0,0,0
MST,7/3/23,Jul,2023,CN,Y,21:00:00,5:30:00,2,17,NA,NA,Y,0,0,0
MST,7/5/23,Jul,2023,"JL, TP",Y,21:00:00,5:30:00,2,17,NA,NA,Y,0,0,0
MST,7/6/23,Jul,2023,CN,Y,21:00:00,5:30:00,1,8.5,NA,NA,Y,6,0,6
MST,7/8/23,Jul,2023,CN,Y,21:00:00,5:30:00,2,17,NA,NA,Y,38,0,38
MST,7/10/23,Jul,2023,CN,Y,21:00:00,5:30:00,2,17,NA,NA,Y,240,0,240
MST,7/12/23,Jul,2023,"CN, JL",Y,21:00:00,5:30:00,2,17,NA,NA,Y,118,2,120
MST,7/13/23,Jul,2023,CN,Y,21:00:00,5:30:00,1,8.5,NA,NA,Y,13,0,13
MST,7/15/23,Jul,2023,"JL, CN",Y,21:00:00,5:30:00,2,17,NA,NA,Y,11,0,11
MST,7/17/23,Jul,2023,CN,Y,21:00:00,5:30:00,2,17,NA,NA,Y,39,3,42
MST,7/19/23,Jul,2023,"CN, JL",Y,21:00:00,5:30:00,2,17,NA,NA,Y,28,3,31
MST,7/20/23,Jul,2023,CN,N,NA,NA,0,0,NA,NA,N,0,0,0
MST,7/22/23,Jul,2023,"CN, IT, MT",Y,21:00:00,5:30:00,2,17,NA,NA,Y,0,1,1
MST,7/24/23,Jul,2023,CN,Y,20:30:00,6:00:00,2,19,NA,NA,Y,31,4,35
MST,7/26/23,Jul,2023,"CN, JL",N,NA,NA,0,0,NA,NA,NA,1,1,2
MST,7/27/23,Jul,2023,"CN, CFS",Y,20:30:00,6:00:00,1,9.5,NA,NA,Y,1,2,3
MST,7/29/23,Jul,2023,"CN, JL",Y,20:30:00,6:00:00,2,19,NA,NA,Y,0,1,1
MST,7/31/23,Jul,2023,"CN, CFS",Y,20:30:00,6:00:00,2,19,NA,NA,Y,0,0,0
MST,8/2/23,Aug,2023,"TP, CFS",Y,20:30:00,6:00:00,2,19,NA,NA,Y,0,0,0
MST,8/3/23,Aug,2023,"CN, JL, MS",Y,20:30:00,6:00:00,1,9.5,NA,NA,Y,0,0,0
MST,8/5/23,Aug,2023,"JL, TP, AL, MU",Y,20:30:00,6:00:00,2,19,NA,NA,Y,3,0,3
MST,8/7/23,Aug,2023,"CN, CFS",N,NA,NA,0,0,NA,NA,N,0,0,0
MST,8/9/23,Aug,2023,"CN, JL",Y,20:30:00,6:00:00,2,19,NA,NA,Y,1,0,1
MST,8/10/23,Aug,2023,"CN, MJS",Y,20:30:00,6:00:00,1,9.5,NA,NA,Y,1,0,1
MST,8/12/23,Aug,2023,"JL, SL, TP, MD, CN, BF",Y,20:30:00,6:00:00,2,19,NA,NA,Y,0,0,0
MST,8/14/23,Aug,2023,CN,N,NA,NA,0,0,NA,NA,N,0,0,0
MST,8/16/23,Aug,2023,"JL, MJ, CN",Y,20:00:00,6:00:00,2,20,NA,NA,Y,1,0,1
MST,8/17/23,Aug,2023,CN,Y,20:00:00,6:00:00,1,10,NA,NA,N,0,0,0
MST,8/19/23,Aug,2023,"JL, TP, MD, AL",N,NA,NA,0,0,NA,NA,N,0,0,0
MST,8/21/23,Aug,2023,"CN, CFS",Y,20:00:00,6:30:00,2,21,NA,NA,Y,0,0,0
MST,8/23/23,Aug,2023,"CN, JL",Y,20:00:00,6:30:00,2,21,NA,NA,Y,0,0,0
MST,8/24/23,Aug,2023,"CN, MS",N,NA,NA,0,0,NA,NA,N,0,0,0
MST,8/26/23,Aug,2023,"CN, JS",Y,20:00:00,6:00:00,2,20,NA,NA,Y,0,0,0
MST,8/28/23,Aug,2023,"CN, CFS",Y,20:00:00,6:30:00,2,21,NA,NA,Y,0,0,0
MST,8/30/23,Aug,2023,"CN, JL",Y,20:00:00,6:30:00,2,21,NA,NA,Y,0,0,0
MST,8/31/23,Aug,2023,"CN, CFS",Y,19:30:00,6:30:00,1,11,NA,NA,Y,0,0,0
MST,9/2/23,Sep,2023,"CN, JL, CFS, TP",N,NA,NA,0,0,NA,NA,N,0,0,0
PTW,4/16/23,Apr,2023,AR,Y,20:00:00,6:30:00,1,10.5,NA,NA,N,0,0,0
PTW,4/17/23,Apr,2023,ar,Y,NA,NA,1,10.5,NA,NA,N,0,0,0
PTW,4/18/23,Apr,2023,Cjh,Y,20:00:00,6:30:00,1,10.5,NA,NA,N,0,0,0
PTW,4/19/23,Apr,2023,Cjh,Y,20:00:00,6:30:00,1,10.5,NA,NA,N,0,0,0
PTW,4/20/23,Apr,2023,Cjh,Y,NA,NA,1,10.5,NA,NA,N,0,0,0
PTW,4/21/23,Apr,2023,Cjh,Y,NA,NA,1,10.5,NA,NA,N,0,0,0
PTW,4/22/23,Apr,2023,Cjh,Y,NA,NA,1,10.5,NA,NA,N,0,0,0
PTW,4/23/23,Apr,2023,Cjh,Y,NA,NA,1,10.5,NA,NA,N,3,0,3
PTW,4/24/23,Apr,2023,Cjh,Y,NA,NA,1,10.5,NA,NA,N,5,0,5
PTW,4/25/23,Apr,2023,Cjh,Y,NA,NA,1,10,NA,NA,N,2,0,2
PTW,4/26/23,Apr,2023,Cjh,Y,NA,NA,1,10,NA,NA,N,0,0,0
PTW,4/27/23,Apr,2023,ar,Y,20:00:00,6:00:00,1,10,NA,NA,N,11,0,11
PTW,4/28/23,Apr,2023,ec,Y,20:00:00,6:00:00,1,10,NA,NA,N,16,0,16
PTW,4/29/23,Apr,2023,Cjh,Y,NA,NA,1,10,NA,NA,N,19,0,19
PTW,4/30/23,Apr,2023,EB,Y,20:00:00,6:00:00,1,10,NA,NA,N,15,0,15
PTW,5/1/23,May,2023,"EB, HG",Y,20:00:00,6:00:00,1,10,NA,NA,N,24,0,24
PTW,5/2/23,May,2023,Cjh,Y,NA,NA,1,10,NA,NA,N,26,0,26
PTW,5/3/23,May,2023,Cjh,Y,NA,NA,1,10,NA,NA,N,12,0,12
PTW,5/4/23,May,2023,Cjh,Y,NA,NA,1,10,NA,NA,N,36,0,36
PTW,5/5/23,May,2023,Cjh,Y,NA,NA,1,10,NA,NA,N,50,0,50
PTW,5/6/23,May,2023,Cjh,Y,NA,NA,1,10,NA,NA,N,60,0,60
PTW,5/7/23,May,2023,Cjh,Y,NA,NA,1,10,NA,NA,N,62,1,63
PTW,5/8/23,May,2023,Cjh,Y,NA,NA,1,10,NA,NA,N,15,0,15
PTW,5/9/23,May,2023,Cjh,N,NA,NA,0,0,NA,NA,NA,0,0,0
PTW,5/10/23,May,2023,Cjh,Y,NA,NA,1,9.5,NA,NA,N,51,0,51
PTW,5/11/23,May,2023,Cjh,Y,NA,NA,1,9.5,NA,NA,N,28,0,28
PTW,5/12/23,May,2023,eb,Y,20:30:00,6:00:00,1,9.5,NA,NA,N,22,0,22
PTW,5/13/23,May,2023,Cjh,Y,NA,NA,1,9.5,NA,NA,N,5,0,5
PTW,5/14/23,May,2023,T&J,N,NA,NA,0,0,NA,NA,NA,NA,NA,NA
PTW,5/15/23,May,2023,Emily Heather Eris,Y,NA,NA,1,9.5,NA,NA,N,1,0,1
PTW,5/16/23,May,2023,AR,N,NA,NA,0,0,NA,NA,NA,NA,NA,NA
PTW,5/17/23,May,2023,AR,N,NA,NA,0,0,NA,NA,NA,NA,NA,NA
PTW,5/18/23,May,2023,eb,Y,20:30:00,5:30:00,1,9,NA,NA,N,7,0,7
PTW,5/19/23,May,2023,Cjh,Y,NA,NA,1,9,NA,NA,N,9,1,10
PTW,5/20/23,May,2023,Cjh,Y,NA,NA,1,9,NA,NA,N,2,0,2
PTW,5/21/23,May,2023,Cjh,Y,NA,NA,1,9,NA,NA,N,2,0,2
PTW,5/22/23,May,2023,Cjh,Y,NA,NA,1,9,NA,NA,N,4,0,4
PTW,5/23/23,May,2023,Cjh,Y,NA,NA,1,9,NA,NA,N,3,0,3
PTW,5/24/23,May,2023,ar,Y,20:30:00,5:30:00,1,9,NA,NA,N,2,0,2
PTW,5/25/23,May,2023,eb,Y,20:30:00,5:30:00,1,9,NA,NA,N,2,0,2
PTW,5/26/23,May,2023,eb,Y,20:30:00,5:30:00,1,9,NA,NA,N,5,0,5
PTW,5/27/23,May,2023,Cjh,Y,NA,NA,1,9,NA,NA,N,2,0,2
PTW,5/28/23,May,2023,Tracey and Jassen,Y,NA,NA,1,9,NA,NA,N,4,0,4
PTW,5/29/23,May,2023,ar,Y,20:30:00,5:30:00,1,9,NA,NA,N,14,0,14
PTW,5/30/23,May,2023,eb,Y,21:00:00,5:30:00,1,8.5,NA,NA,N,4,0,4
PTW,5/31/23,May,2023,eb,Y,21:00:00,5:30:00,1,8.5,NA,NA,N,9,0,9
PTW,6/1/23,Jun,2023,eb,Y,21:00:00,5:30:00,1,8.5,NA,NA,N,2,1,3
PTW,6/2/23,Jun,2023,Brad,Y,NA,NA,1,8.5,NA,NA,N,0,0,0
PTW,6/3/23,Jun,2023,Cjh,Y,NA,NA,1,8.5,NA,NA,N,2,0,2
PTW,6/4/23,Jun,2023,Corinne & Claire,Y,NA,NA,1,8.5,NA,NA,N,0,0,0
PTW,6/5/23,Jun,2023,Heather aly,Y,NA,NA,1,8.5,NA,NA,N,4,0,4
PTW,6/6/23,Jun,2023,Emilee,Y,NA,NA,1,8,NA,NA,N,5,0,5
PTW,6/7/23,Jun,2023,Michelle dana,Y,NA,NA,1,8,NA,NA,N,0,0,0
PTW,6/8/23,Jun,2023,Lindsay craig,Y,NA,NA,1,8,NA,NA,N,2,0,2
PTW,6/9/23,Jun,2023,Brad carolyn beckett,Y,NA,NA,1,8,NA,NA,N,0,0,0
PTW,6/10/23,Jun,2023,Claire,Y,NA,NA,1,8,NA,NA,N,1,0,1
PTW,6/11/23,Jun,2023,Tracey jassen,Y,NA,NA,1,8,NA,NA,N,0,0,0
PTW,6/12/23,Jun,2023,Eb,Y,NA,NA,1,8,NA,NA,N,0,0,0
PTW,6/13/23,Jun,2023,Ali Madis,Y,NA,NA,1,8,NA,NA,N,2,0,2
PTW,6/14/23,Jun,2023,Michelle Dana,Y,NA,NA,1,8,NA,NA,N,5,0,5
PTW,6/15/23,Jun,2023,eb,Y,21:00:00,5:00:00,1,8,NA,NA,N,12,0,12
PTW,6/16/23,Jun,2023,Brad lee,Y,NA,NA,1,8,NA,NA,N,5,1,6
PTW,6/17/23,Jun,2023,Corinne Claire,Y,NA,NA,1,8,NA,NA,N,12,0,12
PTW,6/18/23,Jun,2023,Tracey Jassen,Y,NA,NA,1,8,NA,NA,N,33,0,33
PTW,6/19/23,Jun,2023,eb,Y,21:00:00,5:00:00,1,8,NA,NA,N,125,0,125
PTW,6/20/23,Jun,2023,Emilee Al,Y,NA,NA,1,8,NA,NA,N,67,1,68
PTW,6/21/23,Jun,2023,Emilee Michelle,Y,NA,NA,1,8,NA,NA,N,38,0,38
PTW,6/22/23,Jun,2023,Lindsey Craig,Y,NA,NA,1,8,NA,NA,N,74,0,74
PTW,6/23/23,Jun,2023,Brad Lee,Y,NA,NA,1,8,NA,NA,N,96,0,96
PTW,6/24/23,Jun,2023,Corinne Claire,Y,NA,NA,1,8,NA,NA,N,42,0,42
PTW,6/25/23,Jun,2023,T & J,Y,NA,NA,1,8,NA,NA,N,64,0,64
PTW,6/26/23,Jun,2023,hg,Y,21:00:00,5:00:00,1,8,NA,NA,N,15,1,16
PTW,6/27/23,Jun,2023,Corinne,Y,NA,NA,1,8.5,NA,NA,N,23,0,23
PTW,6/28/23,Jun,2023,Mich david,Y,NA,NA,1,8.5,NA,NA,N,15,0,15
PTW,6/29/23,Jun,2023,lindsay,Y,21:00:00,5:30:00,1,8.5,NA,NA,N,27,0,27
PTW,6/30/23,Jun,2023,Lindsay,Y,NA,NA,1,8.5,NA,NA,N,6,0,6
PTW,7/1/23,Jul,2023,C& C,Y,NA,NA,1,8.5,NA,NA,N,1,0,1
PTW,7/2/23,Jul,2023,Tracey Jassen,N,NA,NA,0,0,NA,NA,N,0,0,0
PTW,7/3/23,Jul,2023,HG,Y,NA,NA,1,8.5,NA,NA,N,4,0,4
PTW,7/4/23,Jul,2023,Ali,Y,NA,NA,1,8.5,NA,NA,N,4,0,4
PTW,7/5/23,Jul,2023,eb,Y,21:00:00,5:30:00,1,8.5,NA,NA,N,174,1,175
PTW,7/6/23,Jul,2023,Lindsay,Y,NA,NA,1,8.5,NA,NA,N,236,0,236
PTW,7/7/23,Jul,2023,Brad Lee,Y,NA,NA,1,8.5,NA,NA,N,50,0,50
PTW,7/8/23,Jul,2023,Emilee,Y,NA,NA,1,8.5,NA,NA,N,0,0,0
PTW,7/9/23,Jul,2023,Tracey jassen,Y,NA,NA,1,8.5,NA,NA,N,3,0,3
PTW,7/10/23,Jul,2023,..NO NAME,N,NA,NA,0,0,NA,NA,N,0,0,0
PTW,7/11/23,Jul,2023,"eb, hg",Y,21:00:00,5:30:00,1,8.5,NA,NA,N,37,0,37
PTW,7/12/23,Jul,2023,Ebmile dana,Y,NA,NA,1,8.5,NA,NA,N,37,0,37
PTW,7/13/23,Jul,2023,Lindsay Craig,Y,NA,NA,1,8.5,NA,NA,N,10,0,10
PTW,7/14/23,Jul,2023,Brad lee,Y,NA,NA,1,8.5,NA,NA,N,39,0,39
PTW,7/15/23,Jul,2023,Ch,Y,NA,NA,1,8.5,NA,NA,N,0,0,0
PTW,7/16/23,Jul,2023,Tracey Jassen,Y,NA,NA,1,8.5,NA,NA,N,3,0,3
PTW,7/17/23,Jul,2023,Eb Hg,N,NA,NA,0,0,NA,NA,N,0,0,0
PTW,7/18/23,Jul,2023,eb,Y,21:00:00,5:30:00,1,8.5,NA,NA,N,8,0,8
PTW,7/19/23,Jul,2023,Dana michele,Y,NA,NA,1,8.5,NA,NA,N,3,0,3
PTW,7/20/23,Jul,2023,Lindsay craig,Y,NA,NA,1,8.5,NA,NA,N,8,0,8
PTW,7/21/23,Jul,2023,Lydia lee,Y,NA,NA,1,8.5,NA,NA,N,5,0,5
PTW,7/22/23,Jul,2023,Claire corinne,Y,NA,NA,1,8.5,NA,NA,N,1,0,1
PTW,7/23/23,Jul,2023,Tracey jassen,Y,NA,NA,1,8.5,NA,NA,N,2,0,2
PTW,7/24/23,Jul,2023,Eb hg,N,NA,NA,0,0,NA,NA,N,0,0,0
PTW,7/25/23,Jul,2023,Ali,Y,NA,NA,1,9.5,NA,NA,N,1,0,1
PTW,7/26/23,Jul,2023,Mich dana,Y,NA,NA,1,9.5,NA,NA,N,2,0,2
PTW,7/27/23,Jul,2023,Craig,Y,NA,NA,1,9.5,NA,NA,N,0,0,0
PTW,7/28/23,Jul,2023,Lee,Y,NA,NA,1,9.5,NA,NA,N,0,0,0
PTW,7/29/23,Jul,2023,claire corinne,Y,NA,NA,1,9.5,NA,NA,N,0,0,0
PTW,7/30/23,Jul,2023,Tracey jassen,Y,NA,NA,1,9.5,NA,NA,N,0,0,0
PTW,7/31/23,Jul,2023,Eb hg,Y,NA,NA,1,9.5,NA,NA,N,0,0,0
PTW,8/1/23,Aug,2023,Ec,Y,NA,NA,1,9.5,NA,NA,N,2,0,2
PTW,8/2/23,Aug,2023,Dana michelle,Y,NA,NA,1,9.5,NA,NA,N,2,0,2
PTW,8/3/23,Aug,2023,Lindsay craig,Y,NA,NA,1,9.5,NA,NA,N,1,0,1
PTW,8/4/23,Aug,2023,Brad lee,Y,NA,NA,1,9.5,NA,NA,N,0,0,0
PTW,8/5/23,Aug,2023,Claire corinne,Y,NA,NA,1,9.5,NA,NA,Y,0,0,0
PTW,8/6/23,Aug,2023,Eb,Y,20:30:00,6:00:00,1,9.5,NA,NA,N,0,0,0
PTW,8/7/23,Aug,2023,Eb,N,NA,NA,0,0,NA,NA,N,NA,NA,NA
PTW,8/8/23,Aug,2023,eb,Y,20:30:00,6:00:00,1,9.5,NA,NA,N,0,0,0
PTW,8/9/23,Aug,2023,eb,Y,20:30:00,6:00:00,1,9.5,NA,NA,N,0,0,0
PTW,8/10/23,Aug,2023,eb,Y,20:30:00,6:00:00,1,9.5,NA,NA,N,1,0,1
PTW,8/11/23,Aug,2023,eb,Y,20:30:00,6:00:00,1,9.5,NA,NA,N,1,0,1
PTW,8/12/23,Aug,2023,eb,Y,20:30:00,6:00:00,1,9.5,NA,NA,N,0,0,0
PTW,8/13/23,Aug,2023,eb,Y,20:30:00,6:00:00,1,9.5,NA,NA,N,1,0,1
PTW,8/14/23,Aug,2023,eb,Y,20:30:00,6:00:00,1,9.5,NA,NA,N,0,0,0
PTW,8/15/23,Aug,2023,eb,Y,20:00:00,6:00:00,1,10,NA,NA,N,0,0,0
PTW,8/16/23,Aug,2023,eb,Y,20:00:00,6:00:00,1,10,NA,NA,N,0,0,0
PTW,8/17/23,Aug,2023,eb,Y,20:00:00,6:00:00,1,10,NA,NA,N,0,0,0
PTW,8/18/23,Aug,2023,eb,Y,20:00:00,6:00:00,1,10,NA,NA,N,0,0,0
PTW,8/19/23,Aug,2023,eb,Y,20:00:00,6:00:00,1,10,NA,NA,N,0,0,0
PTW,8/20/23,Aug,2023,eb,Y,20:00:00,6:00:00,1,10,NA,NA,N,0,0,0
PTW,8/21/23,Aug,2023,eb,Y,20:00:00,6:00:00,1,10,NA,NA,N,0,0,0
PTW,8/22/23,Aug,2023,eb,Y,20:00:00,6:30:00,1,10.5,NA,NA,N,0,0,0
PTW,8/23/23,Aug,2023,eb,Y,20:00:00,6:30:00,1,10.5,NA,NA,N,0,0,0
PTW,8/24/23,Aug,2023,eb,Y,20:00:00,6:30:00,1,10.5,NA,NA,N,0,0,0
PTW,8/25/23,Aug,2023,EC,Y,NA,NA,1,10.5,NA,NA,N,0,0,0
PTW,8/26/23,Aug,2023,AR,Y,NA,NA,1,10.5,NA,NA,N,0,0,0
PTW,8/27/23,Aug,2023,H&L,Y,NA,NA,1,10.5,NA,NA,N,0,0,0
PTW,8/28/23,Aug,2023,AR,Y,NA,NA,1,10.5,NA,NA,N,0,0,0
PTW,8/29/23,Aug,2023,AR,Y,NA,NA,1,11,NA,NA,N,0,0,0
PTW,8/30/23,Aug,2023,DA,Y,NA,NA,1,11,NA,NA,N,0,0,0
PTW,8/31/23,Aug,2023,L,Y,NA,NA,1,11,NA,NA,N,0,0,0
PTW,9/1/23,Sep,2023,AR,N,NA,NA,0,0,NA,NA,N,NA,NA,NA
ROS,4/10/23,Apr,2023,Sarah Grossman,Y,20:00:00,6:30:00,2,21,NA,NA,N,0,0,0
ROS,4/12/23,Apr,2023,Claire Cook,Y,20:00:00,6:30:00,2,21,NA,NA,N,0,0,0
ROS,4/13/23,Apr,2023,Lindy Hunter,Y,20:00:00,6:30:00,1,10.5,NA,NA,N,0,0,0
ROS,4/15/23,Apr,2023,Sarah Grossman,Y,20:00:00,6:30:00,2,21,NA,NA,N,0,0,0
ROS,4/17/23,Apr,2023,Sarah Grossman,Y,20:00:00,6:30:00,2,21,NA,NA,N,0,0,0
ROS,4/19/23,Apr,2023,Sarah Grossman,Y,20:00:00,6:30:00,2,21,NA,NA,N,0,0,0
ROS,4/20/23,Apr,2023,Claire Cook,Y,20:00:00,6:30:00,1,10.5,NA,NA,N,0,0,0
ROS,4/22/23,Apr,2023,Susie George,Y,20:00:00,6:30:00,2,21,NA,NA,N,0,0,0
ROS,4/24/23,Apr,2023,Sarah Grossman,Y,20:00:00,6:30:00,2,21,NA,NA,N,0,0,0
ROS,4/26/23,Apr,2023,Claire Cook,Y,20:00:00,6:00:00,2,20,NA,NA,N,1,0,1
ROS,4/27/23,Apr,2023,Lindy Hunter,Y,20:00:00,6:00:00,1,10,NA,NA,N,1,0,1
ROS,4/29/23,Apr,2023,Susie George,Y,20:00:00,6:00:00,2,20,NA,NA,N,0,0,0
ROS,5/1/23,May,2023,Sarah Grossman,N,20:00:00,6:00:00,0,0,NA,NA,NA,NA,NA,NA
ROS,5/2/23,May,2023,Sarah Grossman,Y,20:00:00,6:00:00,1,10,NA,NA,N,5,0,5
ROS,5/4/23,May,2023,Claire Cook,Y,20:00:00,6:00:00,2,20,NA,NA,N,7,2,9
ROS,5/6/23,May,2023,Susie George,Y,20:00:00,6:00:00,2,20,NA,NA,N,0,0,0
ROS,5/8/23,May,2023,Claire Cook,N,20:00:00,6:00:00,0,0,NA,NA,NA,NA,NA,NA
ROS,5/10/23,May,2023,Claire Cook,Y,20:30:00,6:00:00,2,19,NA,NA,N,15,0,15
ROS,5/11/23,May,2023,Lindy Hunter,Y,20:30:00,6:00:00,1,9.5,NA,NA,N,14,1,15
ROS,5/13/23,May,2023,Susie George,Y,20:30:00,6:00:00,2,19,NA,NA,N,3,1,4
ROS,5/15/23,May,2023,Sarah Grossman,Y,20:30:00,6:00:00,2,19,NA,NA,N,5,0,5
ROS,5/16/23,May,2023,Sarah Grossman,Y,20:30:00,5:30:00,1,9,NA,NA,N,2,0,2
ROS,5/18/23,May,2023,Claire Cook,Y,20:30:00,5:30:00,2,18,NA,NA,N,4,1,5
ROS,5/20/23,May,2023,Susie George,Y,20:30:00,5:30:00,2,18,NA,NA,N,1,1,2
ROS,5/22/23,May,2023,Claire Cook,Y,20:30:00,5:30:00,2,18,NA,NA,N,4,0,4
ROS,5/24/23,May,2023,Claire Cook,Y,20:30:00,5:30:00,2,18,NA,NA,N,0,0,0
ROS,5/25/23,May,2023,Lindy Hunter,Y,20:30:00,5:30:00,1,9,NA,NA,N,1,0,1
ROS,5/27/23,May,2023,Susie George,Y,20:30:00,5:30:00,2,18,NA,NA,N,0,0,0
ROS,5/29/23,May,2023,Sarah Grossman,Y,20:30:00,5:30:00,2,18,NA,NA,N,14,0,14
ROS,5/31/23,May,2023,Sarah Grossman,Y,21:00:00,5:30:00,2,17,NA,NA,N,0,0,0
ROS,6/1/23,Jun,2023,Lindy Hunter,Y,21:00:00,5:30:00,1,8.5,NA,NA,N,0,0,0
ROS,6/3/23,Jun,2023,Volunteer,N,21:00:00,5:30:00,0,0,NA,NA,NA,NA,NA,NA
ROS,6/5/23,Jun,2023,Sarah Grossman,N,21:00:00,5:30:00,0,0,NA,NA,NA,NA,NA,NA
ROS,6/6/23,Jun,2023,Claire Cook,Y,21:00:00,5:00:00,1,8,NA,NA,N,0,0,0
ROS,6/8/23,Jun,2023,Sarah Grossman,Y,21:00:00,5:00:00,2,16,NA,NA,N,1,0,1
ROS,6/10/23,Jun,2023,Sarah Grossman,Y,21:00:00,5:00:00,2,16,NA,NA,N,0,0,0
ROS,6/12/23,Jun,2023,Sarah Grossman,Y,21:00:00,5:00:00,2,16,NA,NA,N,12,0,12
ROS,6/14/23,Jun,2023,Sarah Grossman,Y,21:00:00,5:00:00,2,16,NA,NA,N,24,0,24
ROS,6/15/23,Jun,2023,Lindy Hunter,Y,21:00:00,5:00:00,1,8,NA,NA,N,22,0,22
ROS,6/17/23,Jun,2023,Volunteer,Y,21:00:00,5:00:00,2,16,NA,NA,N,17,0,17
ROS,6/19/23,Jun,2023,Claire Cook,Y,21:00:00,5:00:00,2,16,NA,NA,N,162,0,162
ROS,6/21/23,Jun,2023,Lindy Hunter,Y,21:00:00,5:00:00,2,16,NA,NA,N,368,2,370
ROS,6/22/23,Jun,2023,Claire Cook,Y,21:00:00,5:00:00,1,8,NA,NA,N,49,1,50
ROS,6/24/23,Jun,2023,Susie George,Y,21:00:00,5:00:00,2,16,NA,NA,N,69,0,69
ROS,6/26/23,Jun,2023,Claire Cook,Y,21:00:00,5:00:00,2,16,NA,NA,N,110,0,110
ROS,6/28/23,Jun,2023,Sarah Grossman,Y,21:00:00,5:30:00,2,17,NA,NA,N,158,2,160
ROS,6/29/23,Jun,2023,Lindy Hunter,Y,21:00:00,5:30:00,1,8.5,NA,NA,N,50,0,50
ROS,7/1/23,Jul,2023,Susie George,Y,21:00:00,5:30:00,2,17,NA,NA,N,113,0,113
ROS,7/3/23,Jul,2023,Sarah Grossman,Y,21:00:00,5:30:00,2,17,NA,NA,N,173,7,180
ROS,7/5/23,Jul,2023,Sarah Grossman,Y,21:00:00,5:30:00,2,17,NA,NA,N,173,2,175
ROS,7/6/23,Jul,2023,Lindy Hunter,Y,21:00:00,5:30:00,1,8.5,NA,NA,N,122,0,122
ROS,7/8/23,Jul,2023,Susie George,Y,21:00:00,5:30:00,2,17,NA,NA,N,267,0,267
ROS,7/10/23,Jul,2023,Sarah Grossman,Y,21:00:00,5:30:00,2,17,NA,NA,N,312,18,330
ROS,7/12/23,Jul,2023,Sarah Grossman,Y,21:00:00,5:30:00,2,17,NA,NA,N,156,8,164
ROS,7/13/23,Jul,2023,Lindy Hunter,Y,21:00:00,5:30:00,1,8.5,NA,NA,N,72,1,73
ROS,7/15/23,Jul,2023,Susie George,Y,21:00:00,5:30:00,2,17,NA,NA,N,84,0,84
ROS,7/17/23,Jul,2023,Sarah Grossman,Y,21:00:00,5:30:00,2,17,NA,NA,N,236,7,243
ROS,7/19/23,Jul,2023,Sarah Grossman,Y,21:00:00,5:30:00,2,17,NA,NA,N,571,0,571
ROS,7/20/23,Jul,2023,Lindy Hunter,Y,21:00:00,5:30:00,1,8.5,NA,NA,N,104,2,106
ROS,7/22/23,Jul,2023,Susie George,Y,21:00:00,5:30:00,2,17,NA,NA,N,43,0,43
ROS,7/24/23,Jul,2023,Sarah Grossman,Y,21:00:00,5:30:00,2,17,NA,NA,N,22,3,25
ROS,7/26/23,Jul,2023,Sarah Grossman,Y,20:30:00,5:30:00,2,18,NA,NA,N,6,0,6
ROS,7/27/23,Jul,2023,Lindy Hunter,Y,20:30:00,5:30:00,1,9,NA,NA,N,4,0,4
ROS,7/29/23,Jul,2023,Susie George,Y,20:30:00,5:30:00,2,18,NA,NA,N,3,0,3
ROS,7/31/23,Jul,2023,Sarah Grossman,Y,20:30:00,5:30:00,2,18,NA,NA,N,15,1,16
ROS,8/2/23,Aug,2023,Sarah Grossman,Y,20:30:00,5:30:00,2,18,NA,NA,N,0,0,0
ROS,8/3/23,Aug,2023,Lindy Hunter,Y,20:30:00,5:30:00,1,9,NA,NA,N,4,0,4
ROS,8/5/23,Aug,2023,Susie George,Y,20:30:00,5:30:00,2,18,NA,NA,N,1,0,1
ROS,8/7/23,Aug,2023,Sarah Grossman,Y,20:30:00,5:30:00,2,18,NA,NA,N,2,0,2
ROS,8/9/23,Aug,2023,Sarah Grossman,Y,20:30:00,6:00:00,2,19,NA,NA,N,0,0,0
ROS,8/10/23,Aug,2023,Lindy Hunter,Y,20:30:00,6:00:00,1,9.5,NA,NA,N,0,0,0
ROS,8/12/23,Aug,2023,Susie George,Y,20:30:00,6:00:00,2,19,NA,NA,N,7,0,7
ROS,8/14/23,Aug,2023,Claire Cook,Y,20:30:00,6:00:00,2,19,NA,NA,N,0,0,0
ROS,8/16/23,Aug,2023,Sarah Grossman,Y,20:30:00,6:00:00,2,19,NA,NA,N,1,0,1
ROS,8/17/23,Aug,2023,Lindy Hunter,Y,20:30:00,6:00:00,1,9.5,NA,NA,N,1,1,2
ROS,8/19/23,Aug,2023,Susie George,Y,20:00:00,6:00:00,2,20,NA,NA,N,2,0,2
ROS,8/21/23,Aug,2023,Claire Cook,Y,20:00:00,6:00:00,2,20,NA,NA,N,0,1,1
ROS,8/23/23,Aug,2023,Claire Cook,Y,20:00:00,6:30:00,2,21,NA,NA,N,17,0,17
ROS,8/24/23,Aug,2023,Claire Cook,Y,20:00:00,6:30:00,1,10.5,NA,NA,N,1,1,2
ROS,8/26/23,Aug,2023,Susie George,Y,20:00:00,6:30:00,2,21,NA,NA,N,1,0,1
ROS,8/28/23,Aug,2023,Sarah Grossman,Y,20:00:00,6:30:00,2,21,NA,NA,N,3,0,3
ROS,8/30/23,Aug,2023,Claire Cook,Y,19:30:00,6:30:00,2,22,NA,NA,N,8,0,8
ROS,8/31/23,Aug,2023,Lindy Hunter,Y,19:30:00,6:30:00,1,11,NA,NA,N,5,0,5
ROS,9/2/23,Sep,2023,Volunteer,Y,19:30:00,6:30:00,2,22,NA,NA,N,1,0,1
ROS,9/4/23,Sep,2023,Sarah Grossman,Y,19:30:00,6:30:00,2,22,NA,NA,N,4,0,4
ROS,9/6/23,Sep,2023,Sarah Grossman,Y,19:30:00,6:30:00,2,22,NA,NA,N,0,0,0
ROS,9/7/23,Sep,2023,Claire Cook,Y,19:30:00,6:30:00,1,11,NA,NA,N,0,0,0
ROS,9/9/23,Sep,2023,Susie George,Y,19:30:00,6:30:00,2,22,NA,NA,N,2,1,3
ROS,9/11/23,Sep,2023,Claire Cook,Y,19:30:00,6:30:00,2,22,NA,NA,N,1,0,1
ROS,9/12/23,Sep,2023,Sarah Grossman,Y,19:30:00,7:00:00,1,11.5,NA,NA,N,0,0,0
ROS,9/14/23,Sep,2023,Claire Cook,Y,19:30:00,7:00:00,2,23,NA,NA,N,0,0,0
ROS,9/16/23,Sep,2023,Volunteer,Y,19:30:00,7:00:00,2,23,NA,NA,N,0,0,0
ROS,9/18/23,Sep,2023,Claire Cook,Y,19:30:00,7:00:00,2,23,NA,NA,N,0,0,0
ROS,9/20/23,Sep,2023,Volunteer,Y,19:30:00,7:00:00,2,23,NA,NA,N,0,0,0
ROS,9/22/23,Sep,2023,Volunteer,Y,19:30:00,7:00:00,2,23,NA,NA,N,0,0,0
ROS,9/23/23,Sep,2023,Claire Cook,N,19:30:00,7:00:00,0,0,NA,NA,NA,NA,NA,NA
ROS,9/25/23,Sep,2023,Claire Cook,Y,19:30:00,7:00:00,2,23,NA,NA,N,0,0,0
ROS,9/26/23,Sep,2023,Sarah Grossman,Y,19:30:00,7:00:00,1,11.5,NA,NA,N,0,0,0
SMS,5/1/23,May,2023,Sarah Grossman,Y,20:00:00,6:00:00,2,20,NA,NA,N,0,0,0
SMS,5/2/23,May,2023,Volunteer,Y,20:00:00,6:00:00,1,10,NA,NA,N,0,0,0
SMS,5/4/23,May,2023,Volunteer,Y,20:00:00,6:00:00,2,20,NA,NA,N,0,0,0
SMS,5/6/23,May,2023,Volunteer,Y,20:00:00,6:00:00,2,20,NA,NA,N,0,0,0
SMS,5/8/23,May,2023,Sarah Grossman,Y,20:00:00,6:00:00,2,20,NA,NA,N,0,0,0
SMS,5/9/23,May,2023,Volunteer,Y,20:30:00,6:00:00,1,9.5,NA,NA,N,0,0,0
SMS,5/11/23,May,2023,Volunteer,Y,20:30:00,6:00:00,2,19,NA,NA,N,0,0,0
SMS,5/13/23,May,2023,Volunteer,Y,20:30:00,6:00:00,2,19,NA,NA,N,0,0,0
SMS,5/15/23,May,2023,Sarah Grossman,Y,20:30:00,6:00:00,2,19,NA,NA,N,0,0,0
SMS,5/16/23,May,2023,Volunteer,Y,20:30:00,5:30:00,1,9,NA,NA,N,0,0,0
SMS,5/18/23,May,2023,Volunteer,Y,20:30:00,5:30:00,2,18,NA,NA,N,0,0,0
SMS,5/20/23,May,2023,Volunteer,Y,20:30:00,5:30:00,2,18,NA,NA,N,0,0,0
SMS,5/22/23,May,2023,Claire Cook,Y,20:30:00,5:30:00,2,18,NA,NA,N,0,0,0
SMS,5/23/23,May,2023,Volunteer,Y,20:30:00,5:30:00,1,9,NA,NA,N,0,0,0
SMS,5/25/23,May,2023,Volunteer,Y,20:30:00,5:30:00,2,18,NA,NA,N,0,0,0
SMS,5/27/23,May,2023,Sarah Grossman,Y,20:30:00,5:30:00,2,18,NA,NA,N,0,0,0
SMS,5/29/23,May,2023,Sarah Grossman,Y,20:30:00,5:30:00,2,18,NA,NA,N,0,0,0
SMS,5/30/23,May,2023,Volunteer,Y,21:00:00,5:30:00,1,8.5,NA,NA,N,0,0,0
SMS,6/1/23,Jun,2023,Volunteer,Y,21:00:00,5:30:00,2,17,NA,NA,N,0,0,0
SMS,6/3/23,Jun,2023,Volunteer,Y,21:00:00,5:30:00,2,17,NA,NA,N,0,0,0
SMS,6/5/23,Jun,2023,Sarah Grossman,Y,21:00:00,5:30:00,2,17,NA,NA,N,2,0,2
SMS,6/6/23,Jun,2023,Volunteer,Y,21:00:00,5:00:00,1,8,NA,NA,N,0,0,0
SMS,6/8/23,Jun,2023,Volunteer,Y,21:00:00,5:00:00,2,16,NA,NA,N,0,0,0
SMS,6/10/23,Jun,2023,Volunteer,Y,21:00:00,5:00:00,2,16,NA,NA,N,0,0,0
SMS,6/12/23,Jun,2023,Sarah Grossman,Y,21:00:00,5:00:00,2,16,NA,NA,N,6,0,6
SMS,6/13/23,Jun,2023,Volunteer,Y,21:00:00,5:00:00,1,8,NA,NA,N,1,0,1
SMS,6/15/23,Jun,2023,Volunteer,Y,21:00:00,5:00:00,2,16,NA,NA,N,239,0,239
SMS,6/17/23,Jun,2023,Volunteer,Y,21:00:00,5:00:00,2,16,NA,NA,N,177,0,177
SMS,6/19/23,Jun,2023,Claire Cook,Y,21:00:00,5:00:00,2,16,NA,NA,N,192,10,202
SMS,6/20/23,Jun,2023,Volunteer,Y,21:00:00,5:00:00,1,8,NA,NA,N,148,0,148
SMS,6/22/23,Jun,2023,Volunteer,Y,21:00:00,5:00:00,2,16,NA,NA,N,211,0,211
SMS,6/24/23,Jun,2023,Volunteer,Y,21:00:00,5:00:00,2,16,NA,NA,N,0,0,0
SMS,6/26/23,Jun,2023,Sarah Grossman,Y,21:00:00,5:00:00,2,16,NA,NA,Y,14208,412,14620
SMS,6/27/23,Jun,2023,Volunteer,Y,21:00:00,5:30:00,1,8.5,NA,NA,N,127,0,127
SMS,6/29/23,Jun,2023,Volunteer,Y,21:00:00,5:30:00,2,17,NA,NA,N,806,85,891
SMS,7/1/23,Jul,2023,Volunteer,Y,21:00:00,5:30:00,2,17,NA,NA,Y,1213,296,1509
SMS,7/3/23,Jul,2023,Sarah Grossman,Y,21:00:00,5:30:00,2,17,NA,NA,Y,13926,320,14246
SMS,7/4/23,Jul,2023,Volunteer,Y,21:00:00,5:30:00,1,8.5,NA,NA,Y,18653,0,18653
SMS,7/6/23,Jul,2023,Volunteer,Y,21:00:00,5:30:00,2,17,NA,NA,Y,29333,0,29333
SMS,7/7/23,Jul,2023,Volunteer,Y,21:00:00,5:30:00,1,8.5,NA,NA,Y,2000,0,2000
SMS,7/8/23,Jul,2023,Volunteer,Y,21:00:00,5:30:00,1,8.5,NA,NA,N,157,0,157
SMS,7/10/23,Jul,2023,Sarah Grossman,Y,21:00:00,5:30:00,2,17,NA,NA,N,198,23,221
SMS,7/11/23,Jul,2023,Volunteer,Y,21:00:00,5:30:00,1,8.5,NA,NA,N,148,0,148
SMS,7/13/23,Jul,2023,Volunteer,Y,21:00:00,5:30:00,2,17,NA,NA,N,79,19,98
SMS,7/15/23,Jul,2023,Volunteer,Y,21:00:00,5:30:00,2,17,NA,NA,N,60,0,60
SMS,7/17/23,Jul,2023,Sarah Grossman,Y,21:00:00,5:30:00,2,17,NA,NA,N,79,30,109
SMS,7/18/23,Jul,2023,Volunteer,Y,21:00:00,5:30:00,1,8.5,NA,NA,N,179,0,179
SMS,7/20/23,Jul,2023,Volunteer,Y,21:00:00,5:30:00,2,17,NA,NA,N,47,26,73
SMS,7/22/23,Jul,2023,Volunteer,Y,21:00:00,5:30:00,2,17,NA,NA,N,200,0,200
SMS,7/24/23,Jul,2023,Sarah Grossman,Y,21:00:00,5:30:00,2,17,NA,NA,N,17,12,29
SMS,7/25/23,Jul,2023,Volunteer,Y,20:30:00,5:30:00,1,9,NA,NA,N,68,0,68
SMS,7/27/23,Jul,2023,Volunteer,Y,20:30:00,5:30:00,2,18,NA,NA,N,762,14,776
SMS,7/29/23,Jul,2023,Volunteer,N,20:30:00,5:30:00,0,0,NA,NA,NA,NA,NA,NA
SMS,7/31/23,Jul,2023,Sarah Grossman,Y,20:30:00,5:30:00,2,18,NA,NA,Y,7701,52,7753
SMS,8/1/23,Aug,2023,Volunteer,Y,20:30:00,5:30:00,1,9,NA,NA,N,796,0,796
SMS,8/3/23,Aug,2023,Volunteer,Y,20:30:00,5:30:00,2,18,NA,NA,N,193,18,211
SMS,8/5/23,Aug,2023,Volunteer,Y,20:30:00,5:30:00,2,18,NA,NA,N,546,0,546
SMS,8/7/23,Aug,2023,Sarah Grossman,Y,20:30:00,5:30:00,2,18,NA,NA,N,108,21,129
SMS,8/8/23,Aug,2023,Volunteer,Y,20:30:00,6:00:00,1,9.5,NA,NA,N,696,0,696
SMS,8/10/23,Aug,2023,Volunteer,Y,20:30:00,6:00:00,2,19,NA,NA,N,125,11,136
SMS,8/12/23,Aug,2023,Volunteer,Y,20:30:00,6:00:00,2,19,NA,NA,Y,1678,0,1678
SMS,8/14/23,Aug,2023,Claire Cook,Y,20:30:00,6:00:00,2,19,NA,NA,N,220,35,255
SMS,8/15/23,Aug,2023,Volunteer,Y,20:00:00,6:00:00,1,10,NA,NA,N,451,0,451
SMS,8/17/23,Aug,2023,Volunteer,Y,20:00:00,6:00:00,2,20,NA,NA,Y,1800,40,1840
SMS,8/19/23,Aug,2023,Volunteer,Y,20:00:00,6:00:00,2,20,NA,NA,Y,1876,0,1876
SMS,8/21/23,Aug,2023,Claire Cook,Y,20:00:00,6:00:00,2,20,NA,NA,N,18,29,47
SMS,8/22/23,Aug,2023,Volunteer,Y,20:00:00,6:30:00,1,10.5,NA,NA,N,26,0,26
SMS,8/24/23,Aug,2023,Volunteer,Y,20:00:00,6:30:00,2,21,NA,NA,Y,3206,42,3248
SMS,8/26/23,Aug,2023,Volunteer,Y,20:00:00,6:30:00,2,21,NA,NA,N,154,0,154
SMS,8/28/23,Aug,2023,Sarah Grossman,Y,20:00:00,6:30:00,2,21,NA,NA,N,17,14,31
SMS,8/29/23,Aug,2023,Volunteer,Y,19:30:00,6:30:00,1,11,NA,NA,N,8,0,8
SMS,8/31/23,Aug,2023,Volunteer,Y,19:30:00,6:30:00,2,22,NA,NA,N,4,2,6
SMS,9/2/23,Sep,2023,Volunteer,Y,19:30:00,6:30:00,2,22,NA,NA,N,6,0,6
SMS,9/4/23,Sep,2023,Sarah Grossman,Y,19:30:00,6:30:00,2,22,NA,NA,N,41,1,42
SMS,9/5/23,Sep,2023,Volunteer,Y,19:30:00,6:30:00,1,11,NA,NA,N,7,0,7
SMS,9/7/23,Sep,2023,Volunteer,Y,19:30:00,6:30:00,2,22,NA,NA,N,70,15,85
SMS,9/9/23,Sep,2023,Volunteer,Y,19:30:00,6:30:00,2,22,NA,NA,N,26,0,26
SMS,9/11/23,Sep,2023,Sarah Grossman,Y,19:30:00,6:30:00,2,22,NA,NA,N,12,9,21
SMS,9/12/23,Sep,2023,Volunteer,Y,19:30:00,7:00:00,1,11.5,NA,NA,N,2,0,2
SMS,9/14/23,Sep,2023,Volunteer,Y,19:30:00,7:00:00,2,23,NA,NA,N,3,2,5
SMS,9/16/23,Sep,2023,Volunteer,Y,19:30:00,7:00:00,2,23,NA,NA,N,2,1,3
SMS,9/17/23,Sep,2023,Claire Cook,N,19:30:00,7:00:00,0,0,NA,NA,NA,NA,NA,NA
SMS,9/19/23,Sep,2023,Volunteer,Y,19:30:00,7:00:00,2,23,NA,NA,N,7,0,7
SMS,9/21/23,Sep,2023,Volunteer,Y,19:30:00,7:00:00,2,23,NA,NA,N,3,0,3
SMS,9/23/23,Sep,2023,Volunteer,Y,19:30:00,7:00:00,2,23,NA,NA,N,3,0,3
SMS,9/25/23,Sep,2023,Sarah Grossman,Y,19:30:00,7:00:00,2,23,NA,NA,N,0,0,0
SMS,9/26/23,Sep,2023,Volunteer,Y,19:30:00,7:00:00,1,11.5,NA,NA,N,0,1,1
SMS,9/28/23,Sep,2023,Volunteer,Y,19:30:00,7:00:00,2,23,NA,NA,N,0,0,0
SMS,9/30/23,Sep,2023,Volunteer,Y,19:30:00,7:00:00,2,23,NA,NA,N,0,0,0
SMS,10/2/23,Oct,2023,Claire Cook,Y,19:30:00,7:00:00,2,23,NA,NA,N,0,0,0
SMS,10/3/23,Oct,2023,Volunteer,Y,19:30:00,7:00:00,1,11.5,NA,NA,N,0,0,0
SMS,10/5/23,Oct,2023,Volunteer,Y,19:30:00,7:00:00,2,23,NA,NA,N,0,0,0
SMS,10/7/23,Oct,2023,Claire Cook,Y,19:30:00,7:00:00,1,11.5,NA,NA,N,0,0,0
SMS,10/9/23,Oct,2023,Claire Cook,Y,19:30:00,7:00:00,2,23,NA,NA,N,0,0,0
WTP,4/17/23,Apr,2023,TH,Y,20:00:00,6:00:00,2,20,NA,NA,N,3,0,3
WTP,4/19/23,Apr,2023,JF/RM/CA,Y,20:00:00,6:00:00,2,20,NA,NA,N,20,0,20
WTP,4/21/23,Apr,2023,JG/CP,Y,20:00:00,6:30:00,2,21,NA,NA,N,0,0,0
WTP,4/23/23,Apr,2023,TH/CF,Y,20:00:00,6:30:00,0,0,NA,NA,N,0,0,0
WTP,4/25/23,Apr,2023,TZ/BB/RM/CB,Y,20:00:00,6:00:00,2,20,NA,NA,N,60,1,61
WTP,4/27/23,Apr,2023,MR/CA,Y,20:00:00,6:00:00,2,20,NA,NA,N,18,0,18
WTP,4/29/23,Apr,2023,TH/CP,N,20:00:00,6:00:00,0,0,NA,NA,N,0,0,0
WTP,5/1/23,May,2023,TZ/CF,Y,20:00:00,6:00:00,2,20,NA,NA,N,23,0,23
WTP,5/3/23,May,2023,JG/JF,Y,20:00:00,6:00:00,2,20,NA,NA,N,736,38,774
WTP,5/5/23,May,2023,JF/TZ/CF/BB,Y,20:00:00,6:00:00,2,20,NA,NA,N,591,54,645
WTP,5/7/23,May,2023,JF/BB,Y,20:00:00,6:00:00,2,20,NA,NA,N,163,13,176
WTP,5/9/23,May,2023,TZ/JG/BB,Y,20:30:00,6:00:00,2,19,NA,NA,N,922,58,980
WTP,5/11/23,May,2023,JG/BB,Y,20:30:00,6:00:00,2,19,NA,NA,N,919,28,947
WTP,5/13/23,May,2023,TH/BB,Y,20:30:00,6:00:00,2,19,NA,NA,Y,1950,178,2128
WTP,5/15/23,May,2023,MR/CA/BB,Y,20:30:00,6:00:00,2,19,NA,NA,N,86,55,141
WTP,5/17/23,May,2023,TH/ZF,Y,20:30:00,5:30:00,2,18,NA,NA,Y,3103,70,3173
WTP,5/19/23,May,2023,JF,Y,20:30:00,5:30:00,2,18,NA,NA,Y,4807,746,5553
WTP,5/21/23,May,2023,BB,Y,20:30:00,5:30:00,2,18,NA,NA,Y,4544,333,4877
WTP,5/23/23,May,2023,JF/RM,Y,20:30:00,5:30:00,2,18,NA,NA,N,453,173,626
WTP,5/25/23,May,2023,MR/CA,Y,20:30:00,5:30:00,2,18,NA,NA,N,228,279,507
WTP,5/27/23,May,2023,JF/Tim H,Y,20:30:00,5:30:00,2,18,NA,NA,N,71,54,125
WTP,5/29/23,May,2023,JF/Tim H,N,20:30:00,5:30:00,0,0,NA,NA,N,0,0,0
WTP,6/2/23,Jun,2023,JF/BB,Y,20:30:00,5:30:00,2,18,NA,NA,N,17,1,18
WTP,6/4/23,Jun,2023,JF/Tim H,Y,21:00:00,5:30:00,0,0,NA,NA,N,0,0,0
WTP,6/6/23,Jun,2023,TZ/CB,Y,21:00:00,5:30:00,2,17,NA,NA,Y,1520,13,1533
WTP,6/8/23,Jun,2023,TZ/CB,Y,21:00:00,5:00:00,0,0,NA,NA,N,0,0,0
WTP,6/10/23,Jun,2023,JF,Y,21:00:00,5:00:00,2,16,NA,NA,N,6,0,6
WTP,6/12/23,Jun,2023,TH,Y,21:00:00,5:00:00,2,16,NA,NA,N,0,0,0
WTP,6/14/23,Jun,2023,TH,Y,21:00:00,5:00:00,2,16,NA,NA,N,0,0,0
WTP,6/16/23,Jun,2023,TH,Y,21:00:00,5:00:00,2,16,NA,NA,N,0,5,5
WTP,6/18/23,Jun,2023,TH,Y,21:00:00,5:00:00,2,16,NA,NA,N,0,0,0
WTP,6/20/23,Jun,2023,TH,Y,21:00:00,5:00:00,2,16,NA,NA,N,0,0,0
WTP,6/22/23,Jun,2023,TH,Y,21:00:00,5:00:00,2,16,NA,NA,N,0,1,1
WTP,6/24/23,Jun,2023,CB,Y,21:00:00,5:00:00,2,16,NA,NA,N,1,0,1
WTP,6/26/23,Jun,2023,MR,Y,21:00:00,5:00:00,2,16,NA,NA,N,0,2,2
WTP,6/28/23,Jun,2023,CF,Y,21:00:00,5:00:00,2,16,NA,NA,N,0,0,0
WTP,6/30/23,Jun,2023,JF/JG,Y,21:00:00,5:00:00,2,16,NA,NA,N,0,0,0
WTP,7/2/23,Jul,2023,BB,Y,21:00:00,5:00:00,2,16,NA,NA,N,4,0,4
WTP,7/4/23,Jul,2023,BB,Y,21:00:00,5:00:00,2,16,NA,NA,N,1,1,2
WTP,7/6/23,Jul,2023,CB,Y,21:00:00,5:30:00,2,17,NA,NA,N,0,0,0
WTP,7/9/23,Jul,2023,TH,Y,21:00:00,5:30:00,3,25.5,NA,NA,N,0,0,0
WTP,7/12/23,Jul,2023,TH,Y,21:00:00,5:30:00,3,25.5,NA,NA,N,0,0,0
WTP,7/15/23,Jul,2023,TH,Y,21:00:00,5:30:00,3,25.5,NA,NA,N,0,0,0
WTP,7/18/23,Jul,2023,TH,Y,21:00:00,5:30:00,3,25.5,NA,NA,N,0,0,0
WTP,7/21/23,Jul,2023,TH,Y,21:00:00,5:30:00,3,25.5,NA,NA,N,0,0,0
WTP,7/24/23,Jul,2023,TZ/TH/DW,Y,21:00:00,5:30:00,3,25.5,NA,NA,N,0,0,0
WTP,7/27/23,Jul,2023,CB/CF/TH,Y,21:00:00,6:00:00,3,27,NA,NA,N,0,0,0
WTP,7/30/23,Jul,2023,BB,Y,21:00:00,6:00:00,3,27,NA,NA,N,0,0,0
WTP,8/2/23,Aug,2023,TH/DW,Y,21:00:00,6:00:00,3,27,NA,NA,N,0,0,0
WTP,8/5/23,Aug,2023,TH,Y,21:00:00,6:00:00,3,27,NA,NA,N,0,0,0
WTP,8/8/23,Aug,2023,TH/DW,Y,21:00:00,6:00:00,3,27,NA,NA,N,0,0,0
WTP,8/11/23,Aug,2023,DW/TH/CF,Y,21:00:00,6:00:00,3,27,NA,NA,N,0,0,0
WTP,8/14/23,Aug,2023,TH,Y,21:00:00,6:00:00,3,27,NA,NA,N,0,0,0
WTP,8/17/23,Aug,2023,TH,Y,21:00:00,6:00:00,3,27,NA,NA,N,0,0,0
WTP,8/20/23,Aug,2023,TH,Y,21:00:00,6:00:00,3,27,NA,NA,N,0,0,0
WTP,8/24/23,Aug,2023,BB,N,20:00:00,6:30:00,0,0,NA,NA,N,0,0,0
WTP,8/26/23,Aug,2023,CF,Y,20:00:00,6:30:00,2,21,NA,NA,N,0,0,0
WTP,8/29/23,Aug,2023,BB,Y,19:30:00,6:30:00,3,33,NA,NA,N,0,0,0
WTP,9/1/23,Sep,2023,DW,Y,19:30:00,6:30:00,3,33,NA,NA,N,0,0,0
WTP,9/4/23,Sep,2023,DW,N,19:30:00,6:30:00,0,0,NA,NA,NA,NA,NA,NA
WTP,9/7/23,Sep,2023,NA,N,NA,NA,0,0,NA,NA,NA,NA,NA,NA
WTP,9/10/23,Sep,2023,TH,N,19:30:00,6:30:00,0,0,NA,NA,N,0,0,0
WTP,9/13/23,Sep,2023,TH,Y,19:30:00,6:30:00,3,33,NA,NA,N,0,0,0
WTP,9/16/23,Sep,2023,TZ,N,NA,NA,0,0,NA,NA,N,NA,NA,NA
WTP,9/18/23,Sep,2023,ZF,N,NA,NA,0,0,NA,NA,N,0,0,0
WTP,9/19/23,Sep,2023,TH,Y,19:00:00,6:30:00,1,11.5,NA,NA,N,0,0,0
WTP,9/22/23,Sep,2023,TH,Y,19:00:00,6:30:00,3,34.5,NA,NA,N,0,0,0
WTP,9/25/23,Sep,2023,TH,Y,19:00:00,6:30:00,3,34.5,NA,NA,N,0,0,0
WTP,9/28/23,Sep,2023,TH,Y,19:00:00,6:30:00,3,34.5,NA,NA,N,0,0,0
ZIT,4/16/23,Apr,2023,"SB,JT",Y,20:00:00,6:30:00,2,21,NA,NA,N,0,0,0
ZIT,4/17/23,Apr,2023,"AL, MH",Y,20:00:00,6:30:00,1,10.5,NA,NA,N,0,0,0
ZIT,4/19/23,Apr,2023,"AB,SL,RC",Y,20:00:00,6:30:00,2,21,NA,NA,N,0,0,0
ZIT,4/22/23,Apr,2023,SB,Y,20:00:00,6:30:00,1,10.5,NA,NA,N,0,0,0
ZIT,4/24/23,Apr,2023,"MH, AL",Y,20:00:00,6:30:00,2,21,NA,NA,N,0,0,0
ZIT,4/26/23,Apr,2023,KH,Y,20:00:00,6:00:00,2,20,NA,NA,N,0,0,0
ZIT,4/28/23,Apr,2023,"AB, AN",Y,20:00:00,6:00:00,2,20,NA,NA,N,0,0,0
ZIT,4/30/23,Apr,2023,"SB, JT",Y,20:00:00,6:00:00,2,20,NA,NA,N,0,0,0
ZIT,5/1/23,May,2023,"MH, MS",Y,20:00:00,6:00:00,1,10,NA,NA,N,0,0,0
ZIT,5/3/23,May,2023,"AB, SL",Y,20:00:00,6:00:00,2,20,NA,NA,N,0,0,0
ZIT,5/5/23,May,2023,"AB,SL,BB,RC",Y,20:00:00,6:00:00,2,20,NA,NA,N,0,0,0
ZIT,5/7/23,May,2023,JT,Y,20:00:00,6:00:00,2,20,NA,NA,N,0,0,0
ZIT,5/8/23,May,2023,MH,Y,20:00:00,6:00:00,1,10,NA,NA,N,0,0,0
ZIT,5/10/23,May,2023,KH,Y,20:30:00,6:00:00,2,19,NA,NA,N,0,0,0
ZIT,5/12/23,May,2023,AB,Y,20:30:00,6:00:00,2,19,NA,NA,N,0,0,0
ZIT,5/13/23,May,2023,SB,Y,20:30:00,6:00:00,1,9.5,NA,NA,N,0,0,0
ZIT,5/15/23,May,2023,MH,Y,20:30:00,6:00:00,2,19,NA,NA,N,0,0,0
ZIT,5/17/23,May,2023,KH,Y,20:30:00,5:30:00,2,18,NA,NA,N,0,0,0
ZIT,5/19/23,May,2023,AB,Y,20:30:00,5:30:00,2,18,NA,NA,N,0,0,0
ZIT,5/20/23,May,2023,SB,Y,20:30:00,5:30:00,1,9,NA,NA,N,0,0,0
ZIT,5/22/23,May,2023,MH,Y,20:30:00,5:30:00,2,18,NA,NA,N,0,0,0
ZIT,5/24/23,May,2023,KH,Y,20:30:00,5:30:00,2,18,NA,NA,N,0,0,0
ZIT,5/26/23,May,2023,"AB,AM",Y,20:30:00,5:30:00,2,18,NA,NA,N,0,0,0
ZIT,5/27/23,May,2023,"SB, TL",Y,20:30:00,5:30:00,1,9,NA,NA,N,0,0,0
ZIT,5/29/23,May,2023,MH,Y,20:30:00,5:30:00,2,18,NA,NA,N,0,0,0
ZIT,5/31/23,May,2023,KH,Y,21:00:00,5:30:00,2,17,NA,NA,N,0,0,0
ZIT,6/2/23,Jun,2023,AB,Y,21:00:00,5:30:00,2,17,NA,NA,N,0,0,0
ZIT,6/3/23,Jun,2023,"SB, KT",Y,21:00:00,5:30:00,1,8.5,NA,NA,N,0,0,0
ZIT,6/5/23,Jun,2023,"MH, MS",Y,21:00:00,5:30:00,2,17,NA,NA,N,0,0,0
ZIT,6/7/23,Jun,2023,KH,Y,21:00:00,5:00:00,2,16,NA,NA,N,0,0,0
ZIT,6/9/23,Jun,2023,"AB, AN",Y,21:00:00,5:00:00,2,16,NA,NA,N,0,0,0
ZIT,6/11/23,Jun,2023,"SB, CB",Y,21:00:00,5:00:00,2,16,NA,NA,N,0,0,0
ZIT,6/12/23,Jun,2023,"MH, MS",Y,21:00:00,5:00:00,1,8,NA,NA,N,0,0,0
ZIT,6/14/23,Jun,2023,KH,Y,21:00:00,5:00:00,2,16,NA,NA,N,0,0,0
ZIT,6/16/23,Jun,2023,AB,Y,21:00:00,5:00:00,2,16,NA,NA,N,0,0,0
ZIT,6/17/23,Jun,2023,SB,Y,21:00:00,5:00:00,1,8,NA,NA,N,0,0,0
ZIT,6/19/23,Jun,2023,MH,Y,21:00:00,5:00:00,2,16,NA,NA,N,0,0,0
ZIT,6/21/23,Jun,2023,KH,Y,21:00:00,5:00:00,2,16,NA,NA,N,0,0,0
ZIT,6/23/23,Jun,2023,AB,Y,21:00:00,5:00:00,2,16,NA,NA,N,0,0,0
ZIT,6/24/23,Jun,2023,"SB, MH",Y,21:00:00,5:00:00,1,8,NA,NA,N,0,0,0
ZIT,6/26/23,Jun,2023,MH. MS,Y,21:00:00,5:00:00,2,16,NA,NA,N,0,0,0
ZIT,6/28/23,Jun,2023,KH,Y,21:00:00,5:30:00,2,17,NA,NA,N,0,0,0
ZIT,6/30/23,Jun,2023,"RC, TG",Y,21:00:00,5:30:00,2,17,NA,NA,N,0,0,0
ZIT,7/1/23,Jul,2023,"SB, KT",Y,21:00:00,5:30:00,1,8.5,NA,NA,N,0,0,0
ZIT,7/3/23,Jul,2023,"MH, MS",Y,21:00:00,5:30:00,2,17,NA,NA,N,0,0,0
ZIT,7/5/23,Jul,2023,KH,Y,21:00:00,5:30:00,2,17,NA,NA,N,0,0,0
ZIT,7/7/23,Jul,2023,"AB, AM",Y,21:00:00,5:30:00,2,17,NA,NA,N,0,0,0
ZIT,7/8/23,Jul,2023,"KH, KAYLA",Y,21:00:00,5:30:00,1,8.5,NA,NA,N,0,0,0
ZIT,7/10/23,Jul,2023,"MH, MS",Y,21:00:00,5:30:00,2,17,NA,NA,N,0,0,0
ZIT,7/12/23,Jul,2023,KH,Y,21:00:00,5:30:00,2,17,NA,NA,N,0,0,0
ZIT,7/14/23,Jul,2023,"RC, AM",Y,21:00:00,5:30:00,2,17,NA,NA,N,0,0,0
ZIT,7/15/23,Jul,2023,AB,Y,21:00:00,5:30:00,1,8.5,NA,NA,N,0,0,0
ZIT,7/17/23,Jul,2023,"MH, MS",Y,21:00:00,5:30:00,2,17,NA,NA,N,0,0,0
ZIT,7/19/23,Jul,2023,"MH, MS",Y,21:00:00,5:30:00,2,17,NA,NA,N,0,0,0
ZIT,7/21/23,Jul,2023,"AB, TG",Y,21:00:00,5:30:00,2,17,NA,NA,N,0,0,0
ZIT,7/23/23,Jul,2023,"SB, CB",Y,21:00:00,5:30:00,2,17,NA,NA,N,0,0,0
ZIT,7/24/23,Jul,2023,MH,Y,21:00:00,5:30:00,1,8.5,NA,NA,N,0,0,0
ZIT,7/26/23,Jul,2023,KH,Y,20:30:00,6:00:00,2,19,NA,NA,N,0,0,0
ZIT,7/28/23,Jul,2023,SL,Y,20:30:00,6:00:00,2,19,NA,NA,N,0,1,1
ZIT,7/30/23,Jul,2023,"SB, CB",Y,20:30:00,6:00:00,2,19,NA,NA,N,0,0,0
ZIT,7/31/23,Jul,2023,"MH, MS",Y,20:30:00,6:00:00,1,9.5,NA,NA,N,0,0,0
ZIT,8/2/23,Aug,2023,KH,Y,20:30:00,6:00:00,2,19,NA,NA,N,0,0,0
ZIT,8/4/23,Aug,2023,"AB, AN",Y,20:30:00,6:00:00,2,19,NA,NA,N,0,0,0
ZIT,8/5/23,Aug,2023,"SB, KT, FC",Y,20:30:00,6:00:00,1,9.5,NA,NA,N,0,0,0
ZIT,8/7/23,Aug,2023,"MH, MS",Y,20:30:00,6:00:00,2,19,NA,NA,N,0,0,0
ZIT,8/9/23,Aug,2023,KH,Y,20:30:00,6:00:00,2,19,NA,NA,N,0,0,0
ZIT,8/11/23,Aug,2023,"RC, VH",Y,20:30:00,6:00:00,2,19,NA,NA,N,1,0,1
ZIT,8/12/23,Aug,2023,"SB, KT",Y,20:30:00,6:00:00,1,9.5,NA,NA,N,0,0,0
ZIT,8/14/23,Aug,2023,KH,Y,20:30:00,6:00:00,2,19,NA,NA,N,0,0,0
ZIT,8/16/23,Aug,2023,"MH, MS",Y,20:00:00,6:00:00,2,20,NA,NA,N,0,1,1
ZIT,8/18/23,Aug,2023,"SL, TG",Y,20:00:00,6:00:00,2,20,NA,NA,N,0,0,0
ZIT,8/20/23,Aug,2023,"SB, KT",Y,20:00:00,6:00:00,2,20,NA,NA,N,1,0,1
ZIT,8/21/23,Aug,2023,KH,Y,20:00:00,6:00:00,1,10,NA,NA,N,0,0,0
ZIT,8/23/23,Aug,2023,"MH, AL",Y,20:00:00,6:30:00,2,21,NA,NA,N,0,0,0
ZIT,8/25/23,Aug,2023,PC,Y,20:00:00,6:30:00,2,21,NA,NA,N,0,0,0
ZIT,8/27/23,Aug,2023,"SB, CB",Y,20:00:00,6:30:00,2,21,NA,NA,N,0,0,0
ZIT,8/28/23,Aug,2023,"MH, MS",Y,20:00:00,6:30:00,1,10.5,NA,NA,N,0,0,0
ZIT,8/30/23,Aug,2023,"SB, KT",Y,19:30:00,6:30:00,2,22,NA,NA,N,0,0,0
ZIT,9/1/23,Sep,2023,AB,Y,19:30:00,6:30:00,2,22,NA,NA,N,0,0,0
ZIT,9/3/23,Sep,2023,"SB, KT",Y,19:30:00,6:30:00,2,22,NA,NA,N,0,0,0